"head_id","leaf_id"
"0","1"
"0","2"
"0","3"
"0","4"
"5","6"
"5","7"
"8","9"
"8","10"
"8","11"
"8","12"
"8","13"
"8","14"
"8","15"
"8","16"
"8","17"
"8","18"
"8","19"
"8","20"
"8","21"
"8","22"
"23","25"
"23","27"
"23","29"
"31","33"
"31","35"
"37","38"
"37","39"
"37","40"
"37","41"
"42","44"
"42","46"
"42","47"
"42","49"
"51","52"
"51","53"
"51","54"
"51","55"
"51","56"
"57","59"
"57","60"
"61","63"
"61","65"
"61","67"
"69","71"
"69","72"
"69","73"
"69","74"
"76","77"
"76","78"
"76","79"
"76","80"
"76","81"
"76","82"
"76","83"
"76","84"
"76","85"
"76","86"
"76","87"
"88","89"
"88","90"
"88","91"
"88","92"
"88","93"
"88","94"
"88","95"
"88","96"
"88","97"
"88","98"
"88","99"
"88","100"
"88","101"
"102","104"
"102","106"
"102","108"
"102","110"
"112","113"
"112","114"
"112","115"
"112","117"
"112","118"
"119","121"
"119","123"
"119","125"
"119","127"
"119","129"
"131","133"
"131","135"
"131","136"
"131","138"
"140","142"
"140","144"
"140","146"
"140","148"
"140","150"
"140","152"
"140","154"
"140","156"
"140","158"
"140","160"
"140","162"
"164","166"
"164","168"
"164","170"
"164","172"
"164","174"
"164","175"
"164","177"
"164","179"
"181","182"
"181","183"
"184","186"
"188","190"
"188","192"
"188","194"
"188","196"
"188","198"
"188","200"
"201","202"
"201","203"
"201","205"
"207","208"
"207","209"
"207","210"
"207","211"
"212","214"
"212","216"
"212","218"
"220","222"
"220","224"
"226","227"
"226","228"
"226","229"
"226","230"
"226","231"
"226","232"
"226","233"
"226","234"
"226","235"
"226","236"
"226","237"
"238","240"
"238","242"
"238","244"
"238","246"
"248","249"
"248","251"
"248","252"
"248","253"
"248","254"
"256","258"
"256","260"
"262","264"
"262","266"
"262","268"
"262","270"
"272","273"
"272","275"
"272","276"
"272","277"
"272","278"
"272","279"
"280","281"
"280","282"
"283","284"
"283","285"
"286","288"
"286","290"
"292","294"
"292","296"
"298","300"
"298","302"
"298","304"
"298","306"
"298","308"
"298","310"
"298","312"
"314","316"
"314","318"
"314","320"
"314","322"
"314","324"
"314","326"
"314","328"
"314","330"
"332","333"
"332","334"
"332","335"
"336","337"
"338","339"
"338","340"
"341","343"
"341","345"
"341","347"
"341","349"
"341","351"
"352","354"
"352","355"
"352","357"
"352","359"
"352","361"
"363","365"
"363","367"
"369","371"
"369","373"
"369","374"
"369","376"
"369","378"
"369","380"
"382","384"
"382","386"
"388","390"
"388","392"
"388","394"
"396","398"
"396","400"
"396","402"
"404","406"
"407","408"
"407","410"
"412","413"
"412","415"
"412","417"
"412","419"
"412","421"
"423","424"
"423","425"
"423","426"
"423","427"
"428","430"
"428","432"
"428","434"
"428","437"
"428","438"
"428","440"
"428","442"
"428","444"
"428","446"
"428","448"
"428","450"
"428","452"
"454","456"
"454","458"
"454","459"
"454","461"
"454","463"
"454","464"
"454","466"
"454","468"
"454","470"
"472","474"
"472","476"
"472","478"
"480","482"
"480","484"
"486","488"
"486","490"
"486","492"
"494","496"
"494","498"
"494","500"
"502","503"
"502","505"
"502","506"
"502","508"
"510","511"
"510","512"
"510","513"
"510","514"
"515","518"
"515","520"
"515","522"
"524","526"
"524","528"
"524","530"
"524","532"
"524","534"
"524","536"
"538","540"
"538","542"
"538","543"
"544","545"
"544","547"
"544","549"
"544","551"
"553","555"
"553","557"
"553","558"
"553","560"
"553","562"
"564","566"
"564","568"
"564","570"
"564","572"
"574","576"
"578","580"
"578","582"
"578","584"
"578","586"
"578","588"
"578","590"
"578","592"
"578","594"
"578","596"
"597","599"
"597","601"
"597","603"
"597","605"
"607","609"
"607","611"
"607","613"
"607","615"
"607","617"
"607","618"
"620","622"
"620","624"
"626","628"
"626","630"
"631","633"
"631","634"
"631","636"
"631","637"
"631","638"
"641","643"
"641","645"
"641","647"
"641","649"
"641","651"
"653","655"
"653","657"
"659","661"
"659","663"
"665","667"
"665","669"
"665","671"
"665","673"
"665","675"
"677","679"
"677","681"
"677","683"
"685","687"
"685","688"
"685","690"
"685","691"
"685","692"
"685","694"
"685","695"
"685","696"
"697","699"
"697","701"
"697","703"
"697","705"
"707","709"
"707","711"
"707","712"
"707","714"
"707","716"
"717","719"
"717","721"
"717","723"
"717","725"
"717","727"
"717","730"
"717","733"
"717","735"
"717","737"
"717","739"
"717","741"
"717","743"
"717","745"
"717","747"
"717","748"
"717","749"
"717","750"
"717","751"
"717","752"
"717","753"
"717","754"
"717","756"
"717","757"
"758","760"
"758","762"
"758","764"
"758","766"
"768","770"
"768","772"
"768","774"
"779","780"
"779","781"
"782","784"
"782","786"
"782","788"
"782","789"
"790","792"
"790","794"
"790","795"
"790","797"
"799","800"
"799","801"
"802","804"
"802","805"
"807","809"
"807","811"
"807","813"
"807","815"
"807","817"
"807","819"
"807","821"
"807","823"
"807","825"
"807","827"
"807","829"
"807","831"
"807","833"
"807","835"
"807","836"
"807","837"
"807","839"
"841","842"
"841","843"
"841","844"
"845","847"
"845","850"
"845","852"
"845","854"
"845","856"
"845","858"
"845","860"
"845","861"
"845","863"
"845","864"
"845","865"
"845","866"
"845","867"
"845","869"
"845","870"
"845","872"
"845","873"
"845","874"
"876","878"
"876","880"
"876","882"
"885","887"
"889","891"
"889","893"
"889","895"
"897","899"
"897","901"
"897","903"
"905","906"
"905","908"
"910","912"
"910","914"
"910","916"
"910","918"
"920","922"
"920","924"
"920","926"
"920","928"
"920","930"
"932","934"
"932","936"
"932","938"
"940","942"
"940","944"
"940","946"
"948","950"
"948","952"
"948","954"
"948","956"
"958","960"
"958","962"
"958","964"
"958","966"
"968","970"
"968","972"
"968","975"
"968","977"
"968","978"
"979","981"
"979","983"
"979","985"
"987","989"
"987","991"
"987","993"
"987","994"
"987","996"
"987","998"
"987","1000"
"1002","1004"
"1006","1008"
"1010","1012"
"1010","1014"
"1010","1016"
"1010","1018"
"1010","1019"
"1020","1023"
"1020","1025"
"1020","1027"
"1020","1028"
"1020","1029"
"1030","1032"
"1034","1036"
"1034","1038"
"1034","1040"
"1034","1042"
"1034","1044"
"1034","1045"
"1046","1047"
"1048","1051"
"1048","1054"
"1048","1056"
"1048","1058"
"1048","1060"
"1048","1062"
"1048","1064"
"1048","1066"
"1048","1067"
"1048","1069"
"1048","1070"
"1048","1072"
"1048","1074"
"1048","1076"
"1048","1078"
"1048","1080"
"1082","1085"
"1082","1087"
"1082","1089"
"1091","1093"
"1095","1097"
"1095","1099"
"1095","1101"
"1103","1105"
"1103","1107"
"1108","1110"
"1108","1112"
"1113","1114"
"1113","1116"
"1113","1117"
"1113","1118"
"1119","1120"
"1119","1121"
"1119","1122"
"1123","1124"
"1123","1125"
"1123","1126"
"1123","1127"
"1123","1128"
"1123","1129"
"1123","1130"
"1123","1131"
"1123","1132"
"1133","1135"
"1133","1137"
"1138","1139"
"1138","1140"
"1138","1141"
"1142","1144"
"1142","1146"
"1142","1148"
"1142","1150"
"1142","1152"
"1142","1154"
"1142","1156"
"1142","1157"
"1142","1158"
"1142","1159"
"1142","1161"
"1142","1163"
"1142","1165"
"1142","1167"
"1169","1171"
"1169","1173"
"1175","1176"
"1175","1178"
"1175","1180"
"1175","1182"
"1184","1186"
"1184","1188"
"1190","1192"
"1190","1194"
"1196","1198"
"1196","1200"
"1202","1204"
"1202","1206"
"1208","1209"
"1211","1213"
"1211","1215"
"1211","1217"
"1211","1219"
"1221","1223"
"1221","1225"
"1221","1227"
"1221","1229"
"1221","1231"
"1233","1234"
"1233","1235"
"1233","1236"
"1237","1239"
"1237","1241"
"1237","1243"
"1244","1246"
"1244","1248"
"1250","1251"
"1250","1253"
"1254","1255"
"1254","1257"
"1254","1259"
"1254","1261"
"1263","1265"
"1263","1267"
"1263","1269"
"1263","1270"
"1263","1272"
"1263","1273"
"1263","1275"
"1263","1277"
"1263","1279"
"1263","1281"
"1283","1285"
"1287","1288"
"1287","1290"
"1292","1293"
"1292","1295"
"1292","1296"
"1292","1297"
"1292","1298"
"1292","1299"
"1300","1301"
"1300","1302"
"1303","1305"
"1303","1306"
"1303","1307"
"1303","1309"
"1303","1311"
"1303","1313"
"1303","1314"
"1303","1316"
"1303","1318"
"1319","1320"
"1322","1323"
"1322","1324"
"1322","1325"
"1326","1327"
"1326","1329"
"1326","1330"
"1326","1331"
"1326","1332"
"1326","1333"
"1334","1336"
"1334","1338"
"1334","1340"
"1341","1343"
"1341","1345"
"1341","1347"
"1341","1349"
"1341","1351"
"1341","1353"
"1354","1356"
"1354","1358"
"1354","1360"
"1361","1363"
"1365","1368"
"1365","1369"
"1365","1371"
"1365","1372"
"1365","1373"
"1365","1374"
"1365","1375"
"1365","1376"
"1365","1377"
"1365","1379"
"1365","1380"
"1365","1382"
"1383","1386"
"1383","1387"
"1383","1388"
"1383","1390"
"1383","1392"
"1383","1394"
"1383","1396"
"1383","1398"
"1399","1401"
"1399","1402"
"1399","1403"
"1399","1404"
"1399","1406"
"1399","1408"
"1399","1409"
"1399","1410"
"1399","1412"
"1399","1413"
"1399","1415"
"1399","1417"
"1399","1419"
"1399","1420"
"1399","1421"
"1399","1422"
"1399","1423"
"1399","1424"
"1399","1425"
"1399","1427"
"1399","1428"
"1399","1429"
"1399","1431"
"1399","1432"
"1399","1433"
"1399","1434"
"1435","1436"
"1438","1439"
"1438","1440"
"1438","1442"
"1438","1444"
"1438","1446"
"1438","1448"
"1438","1449"
"1438","1450"
"1451","1452"
"1453","1455"
"1453","1457"
"1453","1459"
"1453","1461"
"1453","1463"
"1453","1465"
"1453","1466"
"1467","1469"
"1471","1472"
"1471","1473"
"1471","1474"
"1471","1475"
"1471","1476"
"1478","1479"
"1478","1480"
"1478","1481"
"1478","1482"
"1483","1485"
"1483","1486"
"1483","1488"
"1483","1490"
"1483","1492"
"1483","1494"
"1496","1498"
"1496","1499"
"1496","1500"
"1496","1501"
"1496","1503"
"1496","1504"
"1496","1506"
"1496","1507"
"1496","1508"
"1510","1512"
"1510","1513"
"1510","1515"
"1510","1516"
"1518","1520"
"1518","1521"
"1522","1524"
"1526","1528"
"1526","1529"
"1526","1530"
"1526","1531"
"1526","1532"
"1526","1533"
"1526","1534"
"1526","1535"
"1526","1537"
"1542","1544"
"1542","1546"
"1542","1548"
"1542","1550"
"1542","1552"
"1542","1553"
"1542","1554"
"1542","1555"
"1556","1558"
"1556","1560"
"1556","1561"
"1556","1562"
"1556","1563"
"1556","1564"
"1556","1565"
"1566","1567"
"1566","1568"
"1569","1571"
"1569","1573"
"1569","1575"
"1569","1577"
"1569","1579"
"1581","1583"
"1581","1585"
"1581","1587"
"1581","1589"
"1581","1591"
"1593","1595"
"1593","1597"
"1593","1599"
"1593","1601"
"1603","1605"
"1603","1607"
"1603","1609"
"1611","1612"
"1611","1613"
"1611","1614"
"1611","1616"
"1611","1617"
"1611","1618"
"1619","1621"
"1619","1623"
"1619","1625"
"1626","1628"
"1626","1629"
"1626","1630"
"1626","1631"
"1626","1633"
"1626","1634"
"1626","1635"
"1626","1636"
"1626","1637"
"1626","1638"
"1640","1641"
"1640","1643"
"1640","1644"
"1640","1646"
"1640","1648"
"1640","1649"
"1640","1651"
"1653","1655"
"1653","1657"
"1653","1659"
"1660","1662"
"1660","1664"
"1660","1666"
"1668","1670"
"1668","1671"
"1668","1672"
"1668","1674"
"1668","1675"
"1668","1676"
"1668","1678"
"1679","1680"
"1681","1682"
"1683","1684"
"1683","1685"
"1686","1688"
"1686","1690"
"1686","1692"
"1694","1696"
"1694","1698"
"1694","1700"
"1701","1703"
"1701","1704"
"1706","1707"
"1706","1708"
"1706","1710"
"1706","1711"
"1712","1713"
"1712","1714"
"1712","1715"
"1716","1718"
"1716","1720"
"1716","1721"
"1723","1725"
"1723","1727"
"1723","1729"
"1731","1732"
"1731","1733"
"1734","1735"
"1734","1736"
"1737","1739"
"1737","1740"
"1741","1742"
"1741","1743"
"1744","1745"
"1746","1747"
"1746","1749"
"1746","1750"
"1746","1752"
"1754","1755"
"1754","1757"
"1759","1760"
"1759","1761"
"1762","1763"
"1764","1765"
"1764","1766"
"1767","1768"
"1769","1771"
"1769","1773"
"1769","1775"
"1769","1777"
"1778","1780"
"1778","1782"
"1778","1783"
"1778","1785"
"1778","1787"
"1778","1789"
"1791","1792"
"1791","1793"
"1791","1794"
"1791","1795"
"1791","1796"
"1798","1799"
"1800","1801"
"1800","1802"
"1803","1804"
"1803","1805"
"1803","1806"
"1803","1807"
"1808","1810"
"1808","1812"
"1808","1814"
"1815","1816"
"1817","1819"
"1817","1820"
"1817","1822"
"1817","1824"
"1817","1826"
"1817","1828"
"1817","1829"
"1831","1832"
"1831","1834"
"1835","1837"
"1835","1839"
"1835","1841"
"1843","1845"
"1843","1847"
"1843","1848"
"1843","1849"
"1843","1850"
"1851","1853"
"1851","1855"
"1851","1857"
"1851","1859"
"1860","1862"
"1863","1864"
"1863","1866"
"1867","1869"
"1867","1871"
"1867","1873"
"1867","1875"
"1867","1877"
"1867","1879"
"1867","1881"
"1867","1883"
"1867","1885"
"1867","1887"
"1890","1892"
"1890","1894"
"1890","1896"
"1890","1898"
"1890","1900"
"1902","1904"
"1902","1906"
"1902","1908"
"1902","1910"
"1911","1913"
"1911","1915"
"1917","1919"
"1917","1920"
"1917","1922"
"1917","1923"
"1917","1925"
"1917","1927"
"1917","1928"
"1917","1930"
"1917","1932"
"1917","1933"
"1917","1934"
"1936","1937"
"1938","1939"
"1938","1940"
"1938","1941"
"1938","1942"
"1943","1944"
"1943","1945"
"1943","1946"
"1943","1947"
"1948","1949"
"1948","1951"
"1948","1952"
"1954","1955"
"1954","1956"
"1954","1958"
"1954","1960"
"1954","1961"
"1963","1965"
"1963","1967"
"1963","1969"
"1971","1973"
"1971","1974"
"1971","1975"
"1971","1976"
"1971","1977"
"1971","1978"
"1971","1980"
"1971","1981"
"1971","1982"
"1983","1985"
"1983","1987"
"1983","1989"
"1983","1991"
"1983","1993"
"1983","1995"
"1983","1997"
"1983","1999"
"1983","2001"
"2003","2005"
"2003","2007"
"2003","2009"
"2003","2010"
"2003","2011"
"2013","2015"
"2013","2017"
"2013","2018"
"2019","2021"
"2019","2022"
"2019","2023"
"2024","2025"
"2024","2026"
"2024","2027"
"2024","2028"
"2024","2029"
"2024","2030"
"2031","2033"
"2035","2037"
"2035","2039"
"2035","2041"
"2043","2045"
"2043","2047"
"2043","2049"
"2050","2052"
"2050","2053"
"2054","2056"
"2059","2061"
"2063","2065"
"2063","2066"
"2063","2067"
"2068","2069"
"2068","2070"
"2068","2072"
"2073","2074"
"2073","2076"
"2073","2078"
"2079","2080"
"2079","2082"
"2079","2083"
"2079","2084"
"2085","2086"
"2085","2087"
"2088","2090"
"2088","2092"
"2088","2093"
"2094","2096"
"2094","2097"
"2094","2099"
"2094","2100"
"2102","2104"
"2102","2106"
"2108","2110"
"2108","2112"
"2108","2114"
"2108","2116"
"2108","2118"
"2108","2120"
"2108","2122"
"2108","2124"
"2108","2125"
"2108","2127"
"2129","2131"
"2129","2132"
"2129","2134"
"2129","2136"
"2129","2138"
"2129","2140"
"2129","2142"
"2129","2144"
"2129","2146"
"2147","2149"
"2147","2151"
"2153","2155"
"2153","2156"
"2153","2158"
"2153","2160"
"2153","2162"
"2153","2164"
"2166","2168"
"2166","2169"
"2166","2171"
"2166","2173"
"2166","2175"
"2177","2179"
"2177","2181"
"2177","2183"
"2177","2185"
"2177","2187"
"2177","2189"
"2177","2190"
"2177","2192"
"2194","2196"
"2198","2200"
"2198","2202"
"2198","2204"
"2198","2206"
"2207","2209"
"2207","2211"
"2213","2215"
"2213","2217"
"2213","2219"
"2220","2222"
"2220","2224"
"2220","2226"
"2220","2228"
"2220","2230"
"2220","2232"
"2220","2234"
"2220","2236"
"2220","2238"
"2220","2240"
"2242","2243"
"2242","2244"
"2242","2246"
"2242","2247"
"2249","2250"
"2249","2251"
"2249","2252"
"2253","2255"
"2253","2257"
"2253","2258"
"2253","2259"
"2253","2261"
"2263","2265"
"2267","2269"
"2267","2271"
"2267","2273"
"2275","2277"
"2275","2278"
"2279","2281"
"2279","2282"
"2279","2283"
"2279","2284"
"2286","2288"
"2290","2292"
"2290","2294"
"2296","2298"
"2296","2299"
"2300","2302"
"2300","2303"
"2300","2304"
"2305","2306"
"2305","2308"
"2305","2309"
"2311","2313"
"2311","2315"
"2311","2316"
"2311","2318"
"2311","2319"
"2320","2322"
"2320","2324"
"2320","2326"
"2320","2328"
"2320","2330"
"2320","2332"
"2320","2334"
"2320","2336"
"2320","2338"
"2339","2340"
"2339","2341"
"2342","2343"
"2342","2344"
"2342","2345"
"2346","2347"
"2348","2350"
"2351","2353"
"2351","2354"
"2355","2356"
"2355","2358"
"2355","2360"
"2355","2361"
"2363","2365"
"2363","2366"
"2367","2368"
"2367","2370"
"2371","2372"
"2371","2373"
"2374","2375"
"2374","2376"
"2374","2377"
"2374","2378"
"2374","2379"
"2374","2380"
"2374","2381"
"2374","2382"
"2374","2383"
"2374","2384"
"2374","2385"
"2374","2386"
"2387","2388"
"2387","2389"
"2387","2390"
"2391","2392"
"2391","2393"
"2394","2396"
"2394","2398"
"2394","2399"
"2394","2401"
"2394","2402"
"2394","2404"
"2394","2405"
"2394","2406"
"2408","2410"
"2408","2411"
"2408","2413"
"2408","2414"
"2416","2417"
"2418","2419"
"2418","2420"
"2421","2423"
"2421","2424"
"2421","2425"
"2426","2428"
"2426","2430"
"2432","2434"
"2432","2436"
"2432","2438"
"2432","2440"
"2441","2443"
"2441","2445"
"2446","2448"
"2446","2449"
"2451","2452"
"2454","2456"
"2458","2460"
"2462","2464"
"2462","2466"
"2468","2470"
"2468","2472"
"2468","2474"
"2468","2476"
"2477","2479"
"2477","2481"
"2477","2483"
"2477","2484"
"2477","2485"
"2477","2487"
"2477","2489"
"2491","2493"
"2491","2495"
"2497","2499"
"2497","2501"
"2497","2503"
"2497","2504"
"2506","2507"
"2506","2508"
"2506","2510"
"2512","2514"
"2512","2516"
"2512","2518"
"2512","2520"
"2512","2522"
"2524","2526"
"2524","2528"
"2524","2530"
"2524","2531"
"2524","2533"
"2524","2534"
"2524","2536"
"2524","2538"
"2524","2539"
"2524","2540"
"2524","2542"
"2544","2546"
"2544","2548"
"2544","2550"
"2552","2554"
"2552","2555"
"2557","2559"
"2557","2561"
"2557","2562"
"2557","2563"
"2557","2564"
"2557","2565"
"2557","2566"
"2557","2567"
"2557","2568"
"2557","2569"
"2557","2570"
"2557","2572"
"2557","2573"
"2557","2574"
"2557","2576"
"2557","2578"
"2557","2579"
"2557","2580"
"2557","2582"
"2557","2584"
"2557","2585"
"2557","2587"
"2588","2590"
"2588","2591"
"2588","2592"
"2588","2594"
"2588","2595"
"2588","2596"
"2588","2597"
"2588","2598"
"2588","2599"
"2588","2600"
"2588","2602"
"2588","2603"
"2588","2605"
"2588","2606"
"2607","2609"
"2607","2611"
"2607","2613"
"2607","2615"
"2607","2617"
"2619","2621"
"2619","2622"
"2619","2623"
"2624","2626"
"2624","2628"
"2624","2629"
"2630","2632"
"2630","2634"
"2630","2636"
"2630","2638"
"2640","2642"
"2644","2645"
"2644","2646"
"2644","2647"
"2648","2649"
"2650","2652"
"2650","2654"
"2650","2655"
"2650","2656"
"2650","2657"
"2650","2659"
"2650","2660"
"2650","2662"
"2664","2665"
"2664","2666"
"2664","2667"
"2664","2668"
"2669","2670"
"2669","2671"
"2672","2674"
"2672","2675"
"2672","2677"
"2672","2679"
"2672","2681"
"2672","2683"
"2672","2685"
"2672","2686"
"2672","2688"
"2672","2690"
"2672","2692"
"2672","2693"
"2672","2695"
"2672","2696"
"2672","2698"
"2672","2700"
"2672","2701"
"2672","2702"
"2672","2704"
"2672","2706"
"2672","2708"
"2710","2712"
"2710","2714"
"2710","2716"
"2710","2717"
"2710","2718"
"2710","2720"
"2710","2721"
"2710","2722"
"2710","2724"
"2710","2726"
"2710","2728"
"2710","2730"
"2710","2732"
"2710","2734"
"2710","2736"
"2738","2739"
"2738","2740"
"2738","2741"
"2738","2742"
"2738","2743"
"2738","2744"
"2745","2746"
"2745","2747"
"2745","2748"
"2749","2750"
"2749","2752"
"2749","2754"
"2749","2755"
"2757","2758"
"2759","2761"
"2759","2763"
"2759","2764"
"2759","2765"
"2766","2767"
"2766","2769"
"2766","2771"
"2773","2775"
"2773","2777"
"2778","2779"
"2778","2780"
"2778","2781"
"2782","2783"
"2782","2784"
"2782","2785"
"2786","2787"
"2786","2788"
"2789","2791"
"2789","2793"
"2789","2795"
"2789","2797"
"2789","2799"
"2800","2801"
"2800","2802"
"2803","2805"
"2803","2807"
"2803","2809"
"2810","2812"
"2810","2813"
"2810","2814"
"2810","2816"
"2810","2817"
"2818","2819"
"2818","2820"
"2821","2823"
"2821","2824"
"2821","2825"
"2821","2827"
"2829","2831"
"2829","2832"
"2829","2834"
"2829","2836"
"2829","2838"
"2829","2840"
"2829","2842"
"2829","2844"
"2845","2846"
"2845","2847"
"2845","2848"
"2849","2851"
"2849","2853"
"2849","2855"
"2849","2857"
"2849","2859"
"2849","2861"
"2863","2865"
"2863","2866"
"2867","2868"
"2867","2869"
"2867","2870"
"2867","2871"
"2867","2872"
"2873","2874"
"2873","2875"
"2873","2876"
"2873","2877"
"2878","2879"
"2878","2880"
"2878","2881"
"2878","2882"
"2878","2883"
"2878","2884"
"2878","2887"
"2878","2888"
"2878","2889"
"2890","2891"
"2890","2892"
"2890","2894"
"2890","2896"
"2890","2897"
"2890","2898"
"2890","2899"
"2890","2900"
"2901","2903"
"2901","2904"
"2901","2905"
"2907","2910"
"2907","2912"
"2907","2913"
"2907","2914"
"2907","2916"
"2918","2920"
"2918","2921"
"2923","2925"
"2923","2927"
"2929","2931"
"2929","2933"
"2929","2935"
"2929","2936"
"2929","2938"
"2939","2940"
"2939","2941"
"2939","2942"
"2939","2943"
"2939","2944"
"2939","2945"
"2939","2946"
"2939","2947"
"2948","2950"
"2948","2951"
"2948","2952"
"2948","2953"
"2948","2954"
"2948","2956"
"2948","2958"
"2948","2959"
"2960","2962"
"2960","2964"
"2960","2965"
"2960","2966"
"2960","2967"
"2960","2968"
"2960","2969"
"2970","2971"
"2970","2972"
"2970","2973"
"2974","2975"
"2974","2976"
"2977","2979"
"2977","2981"
"2977","2983"
"2977","2984"
"2977","2986"
"2987","2989"
"2987","2991"
"2987","2992"
"2987","2993"
"2994","2996"
"2994","2997"
"2994","2998"
"2999","3001"
"2999","3003"
"2999","3004"
"2999","3006"
"2999","3008"
"2999","3009"
"3010","3011"
"3010","3012"
"3010","3013"
"3010","3014"
"3015","3016"
"3015","3017"
"3015","3018"
"3019","3021"
"3022","3024"
"3022","3026"
"3022","3028"
"3030","3031"
"3030","3033"
"3030","3034"
"3030","3035"
"3030","3036"
"3037","3039"
"3040","3042"
"3040","3043"
"3040","3044"
"3040","3045"
"3047","3048"
"3047","3049"
"3050","3053"
"3050","3054"
"3050","3056"
"3050","3057"
"3050","3058"
"3050","3059"
"3060","3061"
"3062","3064"
"3062","3066"
"3068","3070"
"3072","3074"
"3072","3075"
"3072","3077"
"3072","3078"
"3072","3079"
"3072","3080"
"3072","3082"
"3072","3083"
"3072","3085"
"3072","3086"
"3072","3087"
"3072","3088"
"3072","3089"
"3072","3090"
"3092","3094"
"3092","3096"
"3092","3098"
"3092","3101"
"3092","3102"
"3092","3105"
"3092","3106"
"3092","3108"
"3092","3110"
"3092","3113"
"3092","3114"
"3092","3116"
"3092","3117"
"3092","3118"
"3092","3119"
"3092","3120"
"3092","3122"
"3092","3124"
"3092","3126"
"3092","3127"
"3092","3129"
"3092","3131"
"3092","3133"
"3134","3136"
"3134","3138"
"3140","3142"
"3140","3144"
"3146","3147"
"3146","3148"
"3149","3151"
"3153","3155"
"3157","3159"
"3157","3161"
"3157","3163"
"3157","3164"
"3157","3165"
"3157","3167"
"3157","3168"
"3170","3172"
"3170","3174"
"3170","3175"
"3170","3177"
"3179","3180"
"3181","3184"
"3181","3186"
"3181","3188"
"3181","3189"
"3181","3190"
"3181","3191"
"3181","3192"
"3181","3193"
"3181","3195"
"3181","3197"
"3181","3198"
"3199","3201"
"3199","3203"
"3199","3205"
"3199","3206"
"3199","3208"
"3199","3210"
"3212","3213"
"3212","3214"
"3212","3215"
"3212","3216"
"3212","3217"
"3212","3218"
"3212","3219"
"3212","3220"
"3212","3221"
"3212","3222"
"3212","3223"
"3212","3224"
"3225","3227"
"3225","3229"
"3225","3230"
"3231","3232"
"3231","3233"
"3234","3236"
"3238","3240"
"3242","3244"
"3246","3248"
"3246","3250"
"3252","3254"
"3252","3256"
"3252","3257"
"3252","3258"
"3252","3259"
"3260","3262"
"3260","3264"
"3260","3265"
"3267","3269"
"3267","3270"
"3267","3272"
"3267","3274"
"3267","3276"
"3267","3278"
"3267","3280"
"3267","3281"
"3267","3282"
"3267","3283"
"3284","3286"
"3284","3288"
"3290","3291"
"3290","3292"
"3290","3293"
"3290","3294"
"3290","3295"
"3290","3296"
"3297","3299"
"3297","3301"
"3297","3302"
"3297","3304"
"3297","3306"
"3297","3308"
"3309","3311"
"3309","3313"
"3309","3314"
"3309","3316"
"3309","3318"
"3309","3320"
"3309","3322"
"3309","3324"
"3309","3325"
"3309","3326"
"3309","3327"
"3309","3329"
"3309","3330"
"3309","3331"
"3309","3333"
"3309","3335"
"3309","3336"
"3309","3338"
"3309","3340"
"3309","3341"
"3343","3345"
"3343","3346"
"3343","3347"
"3343","3348"
"3343","3349"
"3343","3350"
"3343","3351"
"3343","3352"
"3343","3353"
"3355","3357"
"3355","3358"
"3355","3359"
"3355","3361"
"3355","3362"
"3355","3363"
"3355","3364"
"3355","3366"
"3355","3368"
"3355","3370"
"3371","3373"
"3375","3377"
"3375","3379"
"3381","3383"
"3381","3384"
"3381","3386"
"3381","3387"
"3381","3389"
"3381","3390"
"3381","3392"
"3381","3393"
"3381","3395"
"3397","3399"
"3397","3401"
"3397","3403"
"3397","3405"
"3407","3409"
"3407","3411"
"3407","3413"
"3407","3415"
"3417","3419"
"3417","3421"
"3417","3423"
"3417","3425"
"3417","3426"
"3417","3428"
"3429","3431"
"3429","3433"
"3429","3434"
"3429","3436"
"3429","3438"
"3440","3441"
"3440","3442"
"3443","3445"
"3443","3447"
"3443","3449"
"3443","3451"
"3443","3453"
"3455","3457"
"3455","3458"
"3455","3459"
"3455","3461"
"3455","3462"
"3463","3464"
"3463","3465"
"3463","3466"
"3463","3467"
"3468","3469"
"3468","3470"
"3468","3471"
"3472","3474"
"3472","3475"
"3472","3477"
"3472","3479"
"3481","3483"
"3481","3485"
"3481","3487"
"3481","3488"
"3481","3490"
"3481","3491"
"3481","3492"
"3481","3493"
"3481","3495"
"3497","3499"
"3501","3503"
"3501","3505"
"3501","3507"
"3509","3511"
"3509","3512"
"3509","3514"
"3509","3516"
"3509","3518"
"3509","3520"
"3509","3521"
"3509","3523"
"3509","3525"
"3509","3527"
"3509","3529"
"3509","3531"
"3509","3533"
"3509","3535"
"3509","3536"
"3509","3538"
"3509","3539"
"3509","3541"
"3543","3545"
"3543","3547"
"3549","3551"
"3549","3553"
"3549","3555"
"3549","3557"
"3549","3559"
"3549","3561"
"3562","3564"
"3562","3566"
"3562","3568"
"3562","3570"
"3562","3572"
"3562","3574"
"3562","3576"
"3562","3578"
"3562","3579"
"3562","3580"
"3562","3582"
"3562","3584"
"3562","3586"
"3562","3588"
"3562","3590"
"3562","3591"
"3562","3593"
"3562","3595"
"3562","3597"
"3562","3599"
"3562","3601"
"3603","3605"
"3603","3607"
"3603","3609"
"3603","3610"
"3603","3612"
"3603","3613"
"3603","3614"
"3603","3616"
"3603","3617"
"3618","3620"
"3618","3622"
"3618","3624"
"3618","3626"
"3618","3628"
"3618","3629"
"3618","3631"
"3618","3633"
"3618","3635"
"3618","3637"
"3618","3638"
"3618","3639"
"3640","3642"
"3640","3643"
"3640","3644"
"3640","3645"
"3640","3646"
"3640","3647"
"3640","3648"
"3640","3649"
"3640","3650"
"3640","3651"
"3640","3653"
"3640","3654"
"3640","3655"
"3640","3656"
"3658","3660"
"3658","3662"
"3658","3664"
"3658","3666"
"3668","3670"
"3668","3672"
"3668","3673"
"3668","3675"
"3668","3676"
"3677","3678"
"3679","3681"
"3679","3683"
"3679","3685"
"3679","3687"
"3679","3689"
"3679","3691"
"3692","3693"
"3692","3694"
"3692","3695"
"3696","3698"
"3696","3700"
"3696","3702"
"3704","3706"
"3704","3708"
"3704","3709"
"3704","3710"
"3704","3711"
"3704","3713"
"3715","3716"
"3715","3717"
"3715","3718"
"3715","3719"
"3720","3722"
"3720","3724"
"3720","3725"
"3720","3727"
"3720","3729"
"3731","3733"
"3731","3735"
"3737","3739"
"3737","3740"
"3737","3742"
"3737","3743"
"3737","3745"
"3737","3746"
"3737","3747"
"3748","3749"
"3748","3750"
"3751","3753"
"3755","3756"
"3755","3757"
"3755","3758"
"3755","3760"
"3761","3762"
"3761","3763"
"3761","3764"
"3761","3765"
"3766","3768"
"3766","3770"
"3772","3774"
"3775","3776"
"3775","3777"
"3775","3778"
"3780","3782"
"3780","3783"
"3780","3785"
"3780","3787"
"3789","3791"
"3789","3792"
"3789","3793"
"3789","3794"
"3789","3795"
"3789","3797"
"3789","3798"
"3789","3799"
"3800","3802"
"3800","3803"
"3800","3805"
"3800","3806"
"3800","3807"
"3800","3809"
"3810","3812"
"3810","3813"
"3810","3814"
"3810","3815"
"3810","3816"
"3810","3817"
"3810","3818"
"3810","3819"
"3810","3820"
"3810","3821"
"3822","3824"
"3826","3828"
"3830","3832"
"3830","3834"
"3835","3837"
"3835","3839"
"3835","3840"
"3835","3842"
"3835","3843"
"3835","3844"
"3835","3846"
"3847","3849"
"3847","3851"
"3852","3853"
"3852","3854"
"3852","3855"
"3852","3856"
"3857","3858"
"3857","3859"
"3857","3860"
"3857","3861"
"3857","3862"
"3857","3863"
"3857","3864"
"3857","3865"
"3857","3866"
"3857","3867"
"3857","3868"
"3857","3869"
"3857","3870"
"3857","3871"
"3872","3874"
"3872","3876"
"3872","3878"
"3880","3881"
"3880","3882"
"3880","3883"
"3880","3884"
"3880","3885"
"3880","3886"
"3880","3887"
"3880","3888"
"3880","3889"
"3880","3890"
"3880","3891"
"3880","3892"
"3893","3894"
"3893","3895"
"3893","3896"
"3893","3897"
"3893","3898"
"3893","3899"
"3893","3900"
"3901","3902"
"3901","3903"
"3904","3905"
"3904","3906"
"3904","3907"
"3904","3908"
"3904","3909"
"3904","3910"
"3904","3911"
"3904","3912"
"3904","3913"
"3904","3914"
"3915","3916"
"3917","3918"
"3917","3920"
"3917","3921"
"3917","3922"
"3917","3923"
"3917","3925"
"3917","3927"
"3917","3928"
"3917","3930"
"3917","3931"
"3917","3932"
"3917","3933"
"3934","3935"
"3936","3938"
"3936","3940"
"3936","3941"
"3936","3942"
"3936","3943"
"3936","3944"
"3945","3947"
"3945","3948"
"3945","3950"
"3945","3952"
"3945","3954"
"3945","3955"
"3945","3957"
"3958","3960"
"3958","3961"
"3963","3965"
"3967","3968"
"3967","3969"
"3967","3970"
"3967","3971"
"3967","3973"
"3974","3975"
"3974","3977"
"3974","3979"
"3974","3980"
"3974","3981"
"3974","3983"
"3974","3984"
"3974","3986"
"3988","3990"
"3988","3992"
"3988","3994"
"3996","3998"
"3996","4000"
"3996","4002"
"3996","4003"
"3996","4005"
"3996","4007"
"4009","4011"
"4009","4013"
"4009","4014"
"4015","4017"
"4015","4019"
"4015","4020"
"4015","4021"
"4023","4024"
"4023","4025"
"4023","4026"
"4028","4030"
"4028","4031"
"4028","4033"
"4028","4035"
"4028","4037"
"4028","4039"
"4028","4041"
"4028","4043"
"4028","4045"
"4028","4047"
"4028","4049"
"4028","4051"
"4052","4053"
"4052","4054"
"4052","4055"
"4052","4056"
"4052","4057"
"4052","4058"
"4052","4059"
"4052","4060"
"4061","4062"
"4061","4063"
"4061","4064"
"4061","4065"
"4061","4067"
"4068","4070"
"4068","4072"
"4068","4074"
"4068","4076"
"4068","4078"
"4068","4080"
"4081","4082"
"4081","4083"
"4084","4085"
"4084","4086"
"4084","4087"
"4084","4088"
"4084","4089"
"4090","4092"
"4090","4093"
"4090","4095"
"4097","4098"
"4099","4100"
"4101","4102"
"4101","4103"
"4101","4104"
"4101","4105"
"4101","4107"
"4108","4110"
"4112","4114"
"4112","4116"
"4112","4118"
"4112","4120"
"4112","4122"
"4112","4123"
"4125","4127"
"4125","4129"
"4125","4131"
"4132","4133"
"4134","4135"
"4136","4138"
"4136","4140"
"4136","4142"
"4144","4146"
"4149","4151"
"4153","4154"
"4155","4156"
"4155","4157"
"4155","4158"
"4155","4159"
"4155","4160"
"4161","4163"
"4161","4164"
"4161","4165"
"4161","4166"
"4161","4167"
"4161","4168"
"4161","4169"
"4161","4170"
"4161","4171"
"4161","4172"
"4161","4173"
"4161","4174"
"4161","4175"
"4161","4176"
"4177","4179"
"4177","4180"
"4177","4182"
"4177","4184"
"4177","4186"
"4177","4188"
"4190","4191"
"4190","4192"
"4190","4193"
"4190","4194"
"4190","4195"
"4190","4196"
"4190","4197"
"4190","4198"
"4190","4199"
"4190","4200"
"4201","4202"
"4201","4203"
"4204","4206"
"4204","4208"
"4204","4209"
"4204","4210"
"4204","4211"
"4213","4214"
"4213","4216"
"4213","4219"
"4213","4220"
"4223","4224"
"4223","4225"
"4223","4226"
"4227","4229"
"4227","4231"
"4227","4233"
"4227","4235"
"4237","4239"
"4241","4243"
"4241","4245"
"4241","4247"
"4241","4249"
"4241","4250"
"4241","4251"
"4241","4253"
"4241","4254"
"4241","4255"
"4241","4256"
"4257","4259"
"4257","4261"
"4263","4265"
"4263","4266"
"4263","4267"
"4263","4270"
"4263","4272"
"4263","4273"
"4263","4275"
"4277","4279"
"4277","4280"
"4277","4282"
"4277","4283"
"4277","4284"
"4277","4286"
"4277","4288"
"4277","4289"
"4290","4291"
"4290","4292"
"4293","4295"
"4293","4297"
"4293","4299"
"4293","4300"
"4293","4301"
"4293","4303"
"4293","4305"
"4293","4307"
"4309","4311"
"4309","4313"
"4309","4314"
"4309","4315"
"4309","4317"
"4309","4319"
"4309","4320"
"4309","4322"
"4324","4326"
"4324","4328"
"4324","4329"
"4324","4332"
"4324","4334"
"4324","4336"
"4324","4338"
"4324","4340"
"4324","4342"
"4324","4344"
"4324","4345"
"4346","4348"
"4346","4350"
"4352","4354"
"4352","4356"
"4352","4358"
"4352","4359"
"4352","4360"
"4352","4362"
"4352","4364"
"4352","4366"
"4352","4368"
"4352","4370"
"4352","4372"
"4352","4374"
"4376","4378"
"4376","4379"
"4376","4381"
"4376","4383"
"4376","4384"
"4376","4385"
"4376","4387"
"4389","4391"
"4389","4392"
"4394","4396"
"4394","4397"
"4394","4399"
"4394","4400"
"4401","4403"
"4401","4405"
"4401","4407"
"4401","4409"
"4401","4411"
"4401","4413"
"4401","4415"
"4401","4417"
"4401","4419"
"4401","4421"
"4422","4424"
"4422","4425"
"4422","4427"
"4422","4429"
"4422","4431"
"4433","4435"
"4433","4437"
"4433","4439"
"4433","4441"
"4443","4445"
"4443","4447"
"4449","4451"
"4449","4453"
"4449","4454"
"4449","4455"
"4449","4456"
"4449","4458"
"4449","4459"
"4449","4460"
"4449","4461"
"4463","4465"
"4467","4469"
"4473","4475"
"4473","4477"
"4473","4479"
"4480","4482"
"4480","4484"
"4480","4486"
"4488","4490"
"4488","4491"
"4488","4493"
"4495","4497"
"4495","4499"
"4495","4500"
"4495","4502"
"4495","4504"
"4495","4506"
"4507","4508"
"4507","4509"
"4507","4510"
"4507","4511"
"4507","4512"
"4507","4513"
"4514","4516"
"4514","4518"
"4514","4520"
"4514","4522"
"4514","4524"
"4514","4526"
"4514","4528"
"4514","4530"
"4514","4532"
"4535","4537"
"4535","4539"
"4535","4541"
"4535","4542"
"4535","4544"
"4535","4545"
"4535","4547"
"4535","4549"
"4551","4552"
"4551","4554"
"4551","4556"
"4551","4558"
"4551","4560"
"4551","4562"
"4551","4563"
"4564","4566"
"4564","4568"
"4564","4570"
"4564","4572"
"4564","4574"
"4564","4576"
"4564","4578"
"4564","4580"
"4564","4582"
"4564","4584"
"4586","4587"
"4586","4588"
"4586","4589"
"4586","4590"
"4586","4591"
"4586","4592"
"4586","4593"
"4586","4594"
"4595","4597"
"4595","4599"
"4595","4601"
"4595","4603"
"4595","4605"
"4607","4609"
"4607","4610"
"4607","4612"
"4607","4613"
"4607","4615"
"4616","4618"
"4616","4619"
"4616","4620"
"4616","4621"
"4616","4622"
"4616","4624"
"4625","4627"
"4625","4629"
"4625","4631"
"4625","4633"
"4625","4635"
"4625","4637"
"4625","4639"
"4625","4641"
"4643","4645"
"4643","4647"
"4643","4649"
"4643","4650"
"4643","4651"
"4643","4652"
"4654","4656"
"4654","4658"
"4662","4664"
"4662","4665"
"4667","4668"
"4667","4669"
"4667","4670"
"4667","4671"
"4667","4672"
"4673","4674"
"4673","4675"
"4673","4676"
"4673","4677"
"4673","4678"
"4673","4679"
"4673","4680"
"4673","4681"
"4673","4682"
"4673","4683"
"4684","4685"
"4684","4686"
"4684","4687"
"4684","4688"
"4684","4689"
"4684","4690"
"4684","4691"
"4684","4692"
"4684","4693"
"4694","4695"
"4694","4696"
"4694","4697"
"4694","4698"
"4699","4701"
"4702","4703"
"4702","4704"
"4702","4705"
"4702","4706"
"4702","4707"
"4702","4708"
"4702","4709"
"4710","4712"
"4710","4714"
"4710","4715"
"4710","4716"
"4710","4718"
"4710","4720"
"4710","4722"
"4724","4726"
"4724","4728"
"4724","4730"
"4724","4732"
"4724","4734"
"4724","4737"
"4724","4740"
"4724","4742"
"4724","4744"
"4746","4748"
"4746","4749"
"4751","4753"
"4751","4754"
"4751","4756"
"4751","4757"
"4751","4758"
"4759","4761"
"4759","4762"
"4759","4763"
"4759","4765"
"4759","4766"
"4759","4767"
"4759","4768"
"4759","4770"
"4759","4771"
"4759","4773"
"4759","4775"
"4777","4778"
"4777","4779"
"4777","4780"
"4777","4781"
"4782","4784"
"4786","4788"
"4786","4790"
"4786","4791"
"4786","4793"
"4794","4796"
"4794","4798"
"4800","4802"
"4800","4804"
"4800","4805"
"4807","4809"
"4807","4810"
"4807","4812"
"4807","4814"
"4807","4816"
"4807","4818"
"4807","4820"
"4822","4824"
"4822","4826"
"4822","4828"
"4822","4830"
"4822","4832"
"4822","4834"
"4822","4836"
"4822","4838"
"4822","4840"
"4822","4842"
"4822","4844"
"4846","4848"
"4846","4849"
"4846","4850"
"4846","4852"
"4854","4856"
"4854","4858"
"4854","4860"
"4854","4862"
"4854","4864"
"4866","4868"
"4870","4872"
"4870","4874"
"4870","4876"
"4870","4878"
"4870","4880"
"4870","4882"
"4870","4884"
"4870","4886"
"4870","4888"
"4870","4889"
"4890","4891"
"4890","4892"
"4893","4894"
"4893","4895"
"4893","4897"
"4893","4898"
"4893","4899"
"4893","4901"
"4893","4902"
"4893","4903"
"4893","4904"
"4893","4905"
"4893","4906"
"4893","4908"
"4893","4910"
"4893","4911"
"4893","4912"
"4893","4914"
"4893","4916"
"4893","4918"
"4893","4919"
"4893","4920"
"4893","4922"
"4893","4924"
"4893","4926"
"4893","4928"
"4893","4930"
"4893","4932"
"4893","4934"
"4893","4935"
"4893","4937"
"4893","4938"
"4893","4940"
"4893","4941"
"4893","4942"
"4943","4945"
"4943","4947"
"4943","4949"
"4943","4951"
"4943","4953"
"4943","4955"
"4957","4958"
"4957","4960"
"4957","4961"
"4957","4962"
"4957","4963"
"4957","4965"
"4957","4966"
"4957","4967"
"4957","4969"
"4957","4971"
"4957","4972"
"4957","4973"
"4957","4975"
"4957","4976"
"4957","4977"
"4957","4978"
"4957","4979"
"4981","4983"
"4985","4987"
"4985","4988"
"4985","4989"
"4985","4991"
"4993","4995"
"4993","4997"
"4999","5001"
"4999","5003"
"5005","5007"
"5005","5009"
"5005","5011"
"5005","5013"
"5015","5017"
"5015","5019"
"5021","5023"
"5025","5027"
"5025","5029"
"5025","5031"
"5025","5033"
"5025","5035"
"5025","5037"
"5025","5039"
"5041","5044"
"5041","5046"
"5041","5047"
"5041","5048"
"5041","5050"
"5041","5051"
"5041","5052"
"5041","5053"
"5041","5055"
"5041","5056"
"5041","5058"
"5041","5059"
"5041","5060"
"5061","5063"
"5061","5065"
"5061","5067"
"5061","5069"
"5061","5070"
"5061","5072"
"5074","5076"
"5074","5078"
"5074","5080"
"5074","5082"
"5074","5084"
"5074","5086"
"5088","5090"
"5088","5092"
"5088","5094"
"5088","5096"
"5088","5097"
"5088","5099"
"5088","5101"
"5088","5103"
"5105","5107"
"5105","5108"
"5110","5112"
"5110","5114"
"5110","5116"
"5110","5117"
"5110","5119"
"5121","5123"
"5121","5124"
"5121","5126"
"5121","5129"
"5121","5131"
"5121","5133"
"5121","5135"
"5121","5137"
"5121","5139"
"5141","5143"
"5141","5145"
"5141","5147"
"5141","5149"
"5141","5151"
"5141","5153"
"5141","5154"
"5141","5156"
"5141","5158"
"5141","5160"
"5141","5162"
"5141","5164"
"5141","5165"
"5166","5167"
"5166","5168"
"5166","5170"
"5166","5172"
"5166","5174"
"5166","5175"
"5166","5177"
"5166","5178"
"5179","5180"
"5181","5182"
"5183","5185"
"5183","5187"
"5183","5189"
"5183","5190"
"5183","5192"
"5193","5195"
"5197","5199"
"5197","5201"
"5197","5203"
"5197","5205"
"5197","5207"
"5197","5209"
"5210","5212"
"5210","5213"
"5210","5215"
"5210","5217"
"5210","5219"
"5210","5221"
"5210","5223"
"5225","5227"
"5225","5229"
"5225","5230"
"5232","5233"
"5232","5234"
"5232","5235"
"5232","5237"
"5232","5238"
"5232","5239"
"5240","5241"
"5240","5243"
"5240","5244"
"5240","5245"
"5240","5246"
"5240","5247"
"5240","5248"
"5250","5252"
"5250","5254"
"5250","5256"
"5258","5260"
"5258","5261"
"5258","5262"
"5258","5263"
"5258","5265"
"5258","5267"
"5258","5268"
"5270","5272"
"5270","5274"
"5275","5277"
"5275","5279"
"5275","5281"
"5282","5283"
"5282","5284"
"5285","5287"
"5285","5289"
"5290","5292"
"5290","5294"
"5290","5296"
"5290","5298"
"5300","5302"
"5300","5304"
"5300","5306"
"5308","5310"
"5308","5312"
"5308","5314"
"5316","5317"
"5318","5320"
"5318","5322"
"5318","5323"
"5318","5324"
"5325","5327"
"5325","5328"
"5325","5329"
"5325","5331"
"5332","5334"
"5332","5336"
"5338","5340"
"5338","5342"
"5344","5346"
"5344","5348"
"5344","5350"
"5344","5352"
"5344","5353"
"5344","5355"
"5357","5359"
"5357","5361"
"5357","5363"
"5357","5365"
"5357","5366"
"5368","5371"
"5373","5376"
"5378","5380"
"5378","5382"
"5378","5384"
"5378","5386"
"5378","5388"
"5378","5390"
"5378","5392"
"5378","5394"
"5378","5396"
"5398","5400"
"5398","5402"
"5398","5404"
"5398","5406"
"5398","5408"
"5398","5410"
"5412","5414"
"5412","5416"
"5412","5418"
"5412","5420"
"5421","5423"
"5421","5425"
"5421","5428"
"5421","5430"
"5421","5432"
"5434","5436"
"5434","5438"
"5440","5442"
"5440","5444"
"5440","5446"
"5440","5448"
"5440","5450"
"5440","5452"
"5440","5454"
"5440","5456"
"5440","5457"
"5440","5459"
"5461","5463"
"5461","5465"
"5461","5467"
"5469","5471"
"5469","5473"
"5469","5474"
"5475","5476"
"5475","5477"
"5475","5478"
"5480","5482"
"5480","5483"
"5485","5486"
"5485","5487"
"5485","5488"
"5485","5489"
"5490","5492"
"5490","5494"
"5495","5497"
"5495","5499"
"5495","5501"
"5495","5503"
"5505","5507"
"5505","5509"
"5505","5511"
"5513","5515"
"5513","5518"
"5513","5520"
"5522","5524"
"5522","5526"
"5522","5527"
"5522","5528"
"5522","5529"
"5522","5531"
"5522","5533"
"5522","5534"
"5522","5536"
"5522","5538"
"5522","5539"
"5542","5543"
"5542","5544"
"5545","5547"
"5545","5548"
"5545","5550"
"5545","5552"
"5545","5554"
"5545","5557"
"5545","5559"
"5545","5561"
"5545","5563"
"5545","5565"
"5545","5567"
"5545","5569"
"5545","5571"
"5545","5573"
"5575","5577"
"5575","5580"
"5575","5582"
"5584","5586"
"5588","5590"
"5588","5592"
"5588","5594"
"5588","5595"
"5588","5597"
"5588","5599"
"5588","5601"
"5603","5605"
"5603","5607"
"5603","5609"
"5611","5613"
"5611","5614"
"5616","5618"
"5616","5620"
"5622","5624"
"5626","5627"
"5626","5629"
"5626","5631"
"5633","5634"
"5633","5635"
"5636","5638"
"5640","5642"
"5640","5644"
"5646","5648"
"5646","5650"
"5646","5652"
"5646","5654"
"5646","5655"
"5656","5658"
"5656","5660"
"5656","5662"
"5656","5664"
"5656","5666"
"5656","5668"
"5656","5670"
"5656","5672"
"5656","5673"
"5674","5676"
"5674","5678"
"5680","5682"
"5680","5684"
"5685","5686"
"5685","5687"
"5685","5688"
"5685","5689"
"5690","5692"
"5690","5694"
"5690","5696"
"5697","5699"
"5697","5701"
"5697","5703"
"5697","5705"
"5707","5709"
"5707","5711"
"5707","5713"
"5715","5717"
"5715","5719"
"5721","5722"
"5721","5723"
"5721","5724"
"5725","5727"
"5729","5730"
"5731","5733"
"5735","5737"
"5735","5739"
"5740","5741"
"5740","5742"
"5740","5743"
"5740","5744"
"5740","5746"
"5740","5747"
"5749","5751"
"5749","5753"
"5749","5755"
"5757","5759"
"5757","5761"
"5757","5763"
"5765","5767"
"5765","5769"
"5765","5771"
"5773","5774"
"5777","5779"
"5780","5782"
"5780","5784"
"5786","5787"
"5786","5788"
"5789","5791"
"5789","5793"
"5789","5795"
"5789","5797"
"5789","5800"
"5789","5802"
"5789","5804"
"5789","5806"
"5808","5809"
"5808","5811"
"5813","5815"
"5813","5817"
"5813","5819"
"5813","5821"
"5813","5824"
"5813","5825"
"5828","5830"
"5832","5834"
"5832","5836"
"5832","5838"
"5832","5840"
"5841","5843"
"5841","5845"
"5841","5847"
"5841","5848"
"5850","5852"
"5853","5854"
"5855","5857"
"5855","5859"
"5855","5861"
"5855","5863"
"5865","5866"
"5865","5867"
"5868","5870"
"5868","5873"
"5875","5877"
"5875","5880"
"5882","5883"
"5882","5885"
"5882","5887"
"5882","5889"
"5882","5890"
"5882","5891"
"5882","5892"
"5882","5893"
"5894","5895"
"5894","5896"
"5894","5897"
"5898","5899"
"5898","5900"
"5901","5902"
"5901","5903"
"5901","5904"
"5901","5905"
"5906","5907"
"5906","5908"
"5909","5910"
"5909","5911"
"5909","5912"
"5909","5913"
"5909","5914"
"5909","5915"
"5916","5918"
"5920","5922"
"5920","5924"
"5920","5926"
"5920","5928"
"5920","5930"
"5920","5932"
"5920","5934"
"5920","5936"
"5920","5938"
"5920","5940"
"5941","5943"
"5941","5945"
"5941","5946"
"5941","5948"
"5941","5950"
"5941","5952"
"5941","5954"
"5941","5956"
"5958","5959"
"5958","5960"
"5961","5963"
"5965","5966"
"5967","5969"
"5967","5971"
"5967","5973"
"5975","5976"
"5975","5977"
"5975","5978"
"5975","5979"
"5975","5980"
"5975","5981"
"5982","5983"
"5982","5984"
"5982","5985"
"5986","5987"
"5986","5988"
"5986","5989"
"5986","5990"
"5986","5991"
"5992","5994"
"5992","5996"
"5998","6000"
"5998","6002"
"5998","6004"
"6006","6008"
"6006","6010"
"6006","6012"
"6006","6013"
"6006","6015"
"6006","6017"
"6006","6019"
"6006","6021"
"6006","6023"
"6006","6025"
"6006","6027"
"6006","6029"
"6006","6031"
"6006","6032"
"6034","6036"
"6034","6038"
"6034","6040"
"6034","6042"
"6034","6044"
"6034","6046"
"6048","6050"
"6048","6052"
"6048","6054"
"6056","6058"
"6056","6060"
"6056","6062"
"6064","6065"
"6066","6067"
"6068","6070"
"6072","6074"
"6072","6076"
"6078","6079"
"6078","6080"
"6081","6084"
"6081","6086"
"6081","6088"
"6081","6090"
"6081","6092"
"6081","6095"
"6097","6099"
"6101","6103"
"6105","6106"
"6105","6107"
"6105","6108"
"6110","6111"
"6110","6112"
"6110","6113"
"6114","6115"
"6114","6116"
"6117","6118"
"6117","6119"
"6117","6120"
"6117","6121"
"6117","6122"
"6117","6123"
"6124","6125"
"6126","6129"
"6131","6133"
"6131","6135"
"6138","6140"
"6142","6144"
"6142","6146"
"6142","6148"
"6142","6150"
"6152","6154"
"6152","6156"
"6152","6158"
"6152","6160"
"6152","6162"
"6152","6164"
"6166","6168"
"6166","6170"
"6172","6174"
"6172","6176"
"6172","6178"
"6172","6180"
"6172","6182"
"6172","6184"
"6172","6186"
"6188","6190"
"6188","6192"
"6188","6194"
"6188","6196"
"6198","6200"
"6198","6202"
"6204","6206"
"6208","6210"
"6208","6212"
"6208","6214"
"6208","6216"
"6208","6218"
"6208","6220"
"6208","6222"
"6208","6223"
"6208","6224"
"6208","6226"
"6208","6228"
"6208","6230"
"6208","6232"
"6208","6234"
"6208","6236"
"6237","6239"
"6237","6241"
"6237","6243"
"6237","6245"
"6237","6247"
"6249","6251"
"6249","6253"
"6249","6255"
"6256","6258"
"6256","6260"
"6262","6264"
"6262","6266"
"6268","6270"
"6268","6272"
"6274","6276"
"6274","6278"
"6280","6282"
"6280","6283"
"6280","6285"
"6280","6287"
"6280","6288"
"6289","6291"
"6289","6293"
"6289","6295"
"6289","6297"
"6299","6301"
"6299","6303"
"6299","6304"
"6299","6305"
"6306","6308"
"6306","6310"
"6306","6312"
"6306","6314"
"6316","6318"
"6316","6320"
"6316","6322"
"6324","6326"
"6328","6330"
"6328","6331"
"6332","6334"
"6332","6336"
"6338","6340"
"6338","6342"
"6344","6346"
"6344","6348"
"6350","6352"
"6350","6354"
"6350","6356"
"6350","6358"
"6350","6360"
"6362","6364"
"6362","6366"
"6367","6369"
"6367","6371"
"6367","6373"
"6367","6375"
"6367","6377"
"6367","6379"
"6367","6380"
"6381","6382"
"6381","6383"
"6381","6384"
"6385","6387"
"6385","6389"
"6385","6391"
"6385","6393"
"6385","6395"
"6397","6398"
"6399","6401"
"6403","6405"
"6403","6407"
"6409","6411"
"6413","6415"
"6413","6417"
"6413","6419"
"6421","6423"
"6421","6424"
"6421","6426"
"6421","6427"
"6429","6431"
"6429","6432"
"6433","6435"
"6433","6437"
"6433","6439"
"6441","6443"
"6441","6445"
"6447","6449"
"6447","6451"
"6447","6453"
"6455","6456"
"6455","6458"
"6455","6460"
"6455","6462"
"6455","6464"
"6466","6468"
"6470","6472"
"6474","6476"
"6474","6478"
"6474","6480"
"6474","6482"
"6484","6486"
"6488","6489"
"6488","6490"
"6488","6491"
"6488","6492"
"6493","6494"
"6493","6495"
"6493","6496"
"6497","6498"
"6497","6499"
"6497","6500"
"6501","6502"
"6501","6503"
"6501","6504"
"6501","6505"
"6506","6507"
"6506","6508"
"6506","6509"
"6506","6510"
"6511","6512"
"6511","6514"
"6511","6515"
"6511","6516"
"6511","6517"
"6518","6519"
"6518","6520"
"6521","6523"
"6521","6524"
"6521","6526"
"6521","6528"
"6521","6529"
"6530","6531"
"6530","6532"
"6533","6534"
"6533","6535"
"6533","6536"
"6537","6538"
"6537","6539"
"6540","6541"
"6540","6542"
"6540","6543"
"6540","6544"
"6540","6545"
"6546","6547"
"6546","6548"
"6549","6550"
"6549","6551"
"6549","6552"
"6549","6553"
"6554","6556"
"6558","6560"
"6562","6563"
"6562","6564"
"6562","6565"
"6562","6566"
"6562","6567"
"6562","6568"
"6562","6569"
"6562","6570"
"6562","6571"
"6562","6572"
"6573","6574"
"6573","6575"
"6573","6576"
"6573","6577"
"6578","6579"
"6580","6581"
"6580","6582"
"6583","6585"
"6588","6590"
"6588","6592"
"6588","6594"
"6588","6596"
"6588","6598"
"6588","6600"
"6588","6602"
"6588","6604"
"6606","6608"
"6606","6610"
"6612","6613"
"6612","6614"
"6615","6617"
"6615","6619"
"6615","6621"
"6623","6625"
"6623","6627"
"6623","6629"
"6623","6631"
"6623","6633"
"6623","6635"
"6637","6638"
"6637","6640"
"6637","6641"
"6642","6644"
"6642","6646"
"6642","6648"
"6642","6650"
"6642","6652"
"6642","6654"
"6642","6656"
"6642","6658"
"6642","6660"
"6662","6664"
"6662","6666"
"6668","6670"
"6668","6671"
"6668","6673"
"6668","6675"
"6668","6677"
"6668","6679"
"6668","6681"
"6668","6683"
"6685","6687"
"6685","6689"
"6690","6692"
"6690","6694"
"6696","6698"
"6700","6702"
"6700","6703"
"6700","6705"
"6700","6707"
"6709","6711"
"6709","6713"
"6709","6715"
"6717","6718"
"6717","6719"
"6717","6721"
"6717","6722"
"6723","6725"
"6723","6727"
"6723","6728"
"6729","6731"
"6729","6733"
"6729","6735"
"6737","6738"
"6737","6739"
"6737","6740"
"6741","6743"
"6741","6745"
"6741","6747"
"6741","6749"
"6751","6753"
"6751","6755"
"6757","6759"
"6757","6761"
"6763","6765"
"6763","6767"
"6763","6769"
"6763","6771"
"6763","6773"
"6763","6775"
"6763","6777"
"6779","6781"
"6779","6783"
"6785","6786"
"6785","6787"
"6788","6789"
"6788","6790"
"6791","6792"
"6791","6794"
"6791","6796"
"6798","6799"
"6798","6800"
"6798","6801"
"6798","6803"
"6804","6806"
"6804","6808"
"6810","6812"
"6810","6814"
"6810","6816"
"6810","6818"
"6820","6823"
"6820","6825"
"6820","6827"
"6830","6832"
"6830","6834"
"6830","6836"
"6838","6840"
"6838","6842"
"6844","6846"
"6844","6848"
"6844","6850"
"6851","6853"
"6855","6857"
"6855","6860"
"6855","6863"
"6865","6867"
"6865","6869"
"6865","6871"
"6865","6873"
"6874","6876"
"6874","6878"
"6874","6880"
"6874","6882"
"6874","6884"
"6886","6888"
"6886","6890"
"6892","6894"
"6892","6896"
"6892","6898"
"6892","6900"
"6892","6903"
"6892","6906"
"6892","6909"
"6892","6911"
"6913","6915"
"6913","6917"
"6913","6919"
"6920","6922"
"6920","6924"
"6926","6928"
"6926","6930"
"6926","6931"
"6926","6933"
"6926","6935"
"6926","6936"
"6937","6939"
"6941","6943"
"6941","6945"
"6941","6947"
"6949","6951"
"6949","6953"
"6949","6955"
"6949","6957"
"6959","6961"
"6959","6963"
"6959","6965"
"6959","6966"
"6959","6967"
"6959","6968"
"6970","6972"
"6970","6974"
"6976","6978"
"6976","6980"
"6976","6982"
"6984","6986"
"6984","6988"
"6984","6990"
"6992","6994"
"6992","6996"
"6992","6998"
"6992","7000"
"6992","7002"
"6992","7004"
"6992","7006"
"7008","7010"
"7008","7011"
"7008","7013"
"7008","7015"
"7008","7016"
"7008","7018"
"7020","7021"
"7020","7023"
"7020","7024"
"7025","7026"
"7025","7027"
"7025","7028"
"7029","7031"
"7029","7033"
"7035","7037"
"7035","7038"
"7040","7042"
"7040","7044"
"7040","7046"
"7048","7050"
"7052","7054"
"7052","7056"
"7052","7058"
"7052","7060"
"7052","7062"
"7052","7064"
"7052","7066"
"7052","7068"
"7071","7073"
"7071","7075"
"7077","7078"
"7077","7080"
"7082","7084"
"7082","7086"
"7082","7088"
"7089","7091"
"7089","7093"
"7089","7094"
"7089","7096"
"7089","7098"
"7089","7101"
"7103","7105"
"7103","7107"
"7103","7109"
"7111","7112"
"7111","7114"
"7111","7117"
"7111","7120"
"7111","7122"
"7111","7124"
"7111","7126"
"7111","7128"
"7130","7132"
"7130","7134"
"7130","7136"
"7130","7138"
"7140","7142"
"7140","7144"
"7140","7146"
"7140","7147"
"7140","7149"
"7140","7151"
"7140","7153"
"7140","7155"
"7157","7158"
"7157","7159"
"7161","7163"
"7161","7165"
"7161","7167"
"7161","7169"
"7171","7173"
"7171","7175"
"7171","7177"
"7171","7179"
"7181","7183"
"7181","7185"
"7187","7189"
"7187","7191"
"7193","7195"
"7197","7199"
"7197","7201"
"7203","7204"
"7205","7207"
"7205","7209"
"7211","7213"
"7211","7214"
"7211","7216"
"7211","7218"
"7211","7220"
"7211","7222"
"7224","7225"
"7224","7227"
"7224","7229"
"7224","7231"
"7233","7235"
"7233","7237"
"7233","7239"
"7233","7241"
"7233","7243"
"7233","7245"
"7233","7247"
"7249","7251"
"7249","7253"
"7255","7257"
"7255","7259"
"7255","7261"
"7255","7263"
"7255","7264"
"7255","7265"
"7267","7269"
"7271","7273"
"7275","7277"
"7279","7281"
"7283","7285"
"7283","7286"
"7283","7287"
"7283","7289"
"7283","7291"
"7283","7293"
"7294","7296"
"7298","7299"
"7300","7303"
"7300","7305"
"7307","7308"
"7307","7309"
"7307","7311"
"7307","7313"
"7307","7315"
"7317","7319"
"7317","7321"
"7317","7323"
"7324","7326"
"7324","7328"
"7324","7330"
"7324","7331"
"7324","7333"
"7335","7337"
"7335","7339"
"7341","7342"
"7341","7343"
"7345","7347"
"7345","7349"
"7345","7351"
"7345","7352"
"7345","7354"
"7345","7356"
"7345","7358"
"7345","7360"
"7345","7362"
"7345","7364"
"7365","7366"
"7365","7367"
"7369","7370"
"7369","7371"
"7369","7372"
"7373","7375"
"7373","7377"
"7373","7378"
"7373","7379"
"7373","7380"
"7373","7381"
"7373","7382"
"7383","7385"
"7383","7387"
"7383","7389"
"7391","7393"
"7395","7397"
"7395","7398"
"7395","7399"
"7395","7401"
"7395","7403"
"7405","7407"
"7405","7409"
"7411","7413"
"7411","7415"
"7411","7417"
"7419","7421"
"7419","7423"
"7419","7425"
"7426","7428"
"7430","7431"
"7430","7432"
"7430","7434"
"7430","7436"
"7430","7437"
"7439","7440"
"7441","7443"
"7441","7444"
"7441","7445"
"7441","7446"
"7441","7448"
"7441","7449"
"7441","7451"
"7441","7452"
"7441","7454"
"7456","7458"
"7456","7460"
"7462","7464"
"7462","7466"
"7462","7468"
"7470","7472"
"7470","7474"
"7470","7476"
"7470","7478"
"7470","7480"
"7470","7482"
"7484","7486"
"7484","7488"
"7484","7490"
"7492","7494"
"7492","7497"
"7492","7500"
"7492","7502"
"7504","7506"
"7504","7508"
"7504","7510"
"7504","7512"
"7516","7518"
"7516","7519"
"7516","7521"
"7523","7525"
"7527","7529"
"7527","7531"
"7533","7536"
"7533","7538"
"7533","7541"
"7543","7544"
"7543","7545"
"7543","7546"
"7543","7547"
"7548","7550"
"7552","7554"
"7556","7558"
"7556","7560"
"7562","7564"
"7562","7567"
"7562","7570"
"7572","7574"
"7576","7578"
"7576","7580"
"7576","7582"
"7584","7586"
"7584","7588"
"7590","7592"
"7590","7594"
"7590","7596"
"7590","7598"
"7590","7600"
"7602","7604"
"7606","7608"
"7606","7609"
"7606","7610"
"7606","7611"
"7606","7613"
"7606","7615"
"7606","7617"
"7619","7621"
"7619","7622"
"7619","7624"
"7619","7625"
"7619","7627"
"7629","7631"
"7629","7632"
"7629","7633"
"7629","7634"
"7636","7638"
"7640","7641"
"7640","7643"
"7640","7645"
"7640","7647"
"7640","7648"
"7640","7650"
"7640","7651"
"7640","7652"
"7654","7655"
"7654","7657"
"7654","7658"
"7661","7663"
"7665","7667"
"7665","7669"
"7665","7671"
"7673","7675"
"7673","7677"
"7673","7679"
"7673","7681"
"7673","7683"
"7685","7687"
"7689","7691"
"7693","7694"
"7693","7696"
"7697","7698"
"7697","7699"
"7700","7702"
"7700","7704"
"7700","7706"
"7708","7710"
"7708","7712"
"7708","7714"
"7716","7718"
"7720","7721"
"7720","7723"
"7720","7725"
"7720","7727"
"7720","7728"
"7720","7730"
"7720","7731"
"7732","7733"
"7732","7735"
"7732","7737"
"7732","7738"
"7740","7742"
"7740","7744"
"7746","7747"
"7746","7749"
"7746","7751"
"7753","7754"
"7753","7755"
"7756","7757"
"7756","7758"
"7759","7760"
"7759","7761"
"7759","7762"
"7759","7764"
"7766","7768"
"7766","7770"
"7772","7774"
"7772","7776"
"7778","7780"
"7778","7782"
"7778","7784"
"7786","7787"
"7786","7788"
"7786","7790"
"7786","7792"
"7786","7794"
"7796","7797"
"7796","7798"
"7796","7799"
"7796","7800"
"7796","7801"
"7802","7804"
"7802","7806"
"7802","7808"
"7810","7812"
"7810","7814"
"7810","7816"
"7818","7819"
"7818","7820"
"7818","7821"
"7818","7823"
"7818","7825"
"7827","7828"
"7827","7829"
"7827","7830"
"7831","7833"
"7835","7837"
"7835","7839"
"7841","7842"
"7844","7846"
"7844","7848"
"7850","7851"
"7850","7852"
"7853","7855"
"7853","7857"
"7853","7859"
"7853","7861"
"7853","7863"
"7853","7866"
"7853","7869"
"7853","7871"
"7853","7873"
"7853","7875"
"7853","7877"
"7879","7881"
"7883","7885"
"7887","7888"
"7887","7889"
"7887","7890"
"7891","7893"
"7891","7895"
"7897","7899"
"7897","7901"
"7897","7903"
"7897","7905"
"7897","7907"
"7897","7909"
"7897","7911"
"7897","7913"
"7897","7915"
"7897","7917"
"7897","7919"
"7897","7921"
"7897","7923"
"7897","7925"
"7897","7927"
"7897","7930"
"7932","7934"
"7935","7936"
"7935","7937"
"7938","7940"
"7942","7944"
"7946","7948"
"7946","7950"
"7952","7954"
"7956","7958"
"7960","7961"
"7960","7962"
"7960","7963"
"7964","7965"
"7967","7969"
"7967","7971"
"7967","7973"
"7967","7976"
"7967","7978"
"7980","7982"
"7980","7983"
"7980","7985"
"7980","7987"
"7989","7991"
"7989","7992"
"7989","7994"
"7989","7995"
"7989","7997"
"7989","7999"
"7989","8000"
"7989","8001"
"7989","8002"
"7989","8003"
"8004","8006"
"8004","8008"
"8004","8010"
"8004","8012"
"8014","8016"
"8014","8018"
"8014","8019"
"8014","8021"
"8014","8023"
"8014","8025"
"8027","8029"
"8027","8031"
"8027","8033"
"8027","8035"
"8027","8037"
"8027","8039"
"8027","8041"
"8027","8043"
"8027","8045"
"8027","8047"
"8049","8051"
"8052","8053"
"8054","8056"
"8054","8058"
"8054","8060"
"8054","8062"
"8054","8064"
"8054","8066"
"8054","8068"
"8054","8069"
"8054","8070"
"8054","8071"
"8054","8072"
"8054","8073"
"8074","8076"
"8074","8078"
"8074","8080"
"8082","8084"
"8086","8088"
"8086","8090"
"8086","8092"
"8086","8094"
"8086","8096"
"8086","8097"
"8086","8099"
"8086","8101"
"8102","8104"
"8102","8106"
"8102","8108"
"8102","8110"
"8102","8112"
"8102","8114"
"8102","8115"
"8117","8119"
"8117","8120"
"8117","8122"
"8117","8124"
"8117","8125"
"8127","8129"
"8127","8131"
"8127","8133"
"8127","8134"
"8136","8138"
"8136","8140"
"8136","8142"
"8136","8144"
"8146","8148"
"8146","8150"
"8146","8152"
"8146","8154"
"8146","8156"
"8158","8160"
"8158","8162"
"8158","8164"
"8158","8166"
"8158","8167"
"8158","8168"
"8169","8171"
"8172","8174"
"8172","8176"
"8172","8178"
"8172","8180"
"8172","8182"
"8172","8184"
"8172","8186"
"8172","8188"
"8172","8190"
"8172","8192"
"8172","8194"
"8172","8196"
"8172","8198"
"8172","8200"
"8202","8204"
"8202","8206"
"8202","8208"
"8209","8211"
"8209","8213"
"8209","8215"
"8209","8217"
"8209","8219"
"8209","8221"
"8223","8225"
"8223","8226"
"8228","8229"
"8228","8230"
"8228","8231"
"8232","8233"
"8232","8234"
"8232","8236"
"8237","8239"
"8237","8241"
"8237","8242"
"8237","8244"
"8246","8249"
"8246","8251"
"8246","8253"
"8246","8255"
"8246","8257"
"8246","8259"
"8261","8263"
"8265","8267"
"8265","8269"
"8265","8271"
"8265","8272"
"8273","8275"
"8273","8277"
"8279","8281"
"8279","8283"
"8279","8285"
"8279","8287"
"8279","8289"
"8279","8291"
"8279","8293"
"8279","8295"
"8279","8297"
"8279","8299"
"8279","8301"
"8279","8303"
"8279","8304"
"8279","8306"
"8279","8307"
"8279","8309"
"8279","8311"
"8313","8315"
"8313","8316"
"8318","8320"
"8318","8322"
"8318","8324"
"8318","8325"
"8318","8327"
"8318","8329"
"8331","8333"
"8331","8335"
"8337","8338"
"8337","8339"
"8337","8340"
"8337","8341"
"8337","8342"
"8337","8343"
"8344","8346"
"8344","8348"
"8344","8350"
"8344","8352"
"8354","8356"
"8354","8358"
"8354","8360"
"8354","8361"
"8362","8363"
"8362","8364"
"8362","8365"
"8362","8366"
"8362","8367"
"8368","8369"
"8368","8370"
"8368","8371"
"8368","8372"
"8374","8376"
"8374","8377"
"8374","8379"
"8374","8381"
"8382","8384"
"8382","8386"
"8382","8388"
"8382","8390"
"8382","8392"
"8382","8393"
"8394","8395"
"8394","8397"
"8394","8399"
"8394","8401"
"8403","8405"
"8403","8407"
"8403","8409"
"8403","8411"
"8403","8413"
"8403","8415"
"8403","8417"
"8403","8419"
"8403","8421"
"8403","8423"
"8403","8425"
"8403","8427"
"8429","8431"
"8432","8434"
"8432","8436"
"8437","8439"
"8441","8443"
"8441","8445"
"8447","8449"
"8451","8453"
"8458","8460"
"8458","8462"
"8458","8464"
"8458","8466"
"8468","8470"
"8472","8474"
"8472","8476"
"8472","8477"
"8472","8479"
"8472","8481"
"8472","8483"
"8472","8485"
"8472","8487"
"8472","8489"
"8472","8491"
"8472","8493"
"8472","8494"
"8472","8496"
"8498","8500"
"8502","8504"
"8502","8505"
"8502","8507"
"8502","8510"
"8502","8511"
"8502","8512"
"8502","8514"
"8502","8515"
"8502","8516"
"8502","8517"
"8502","8518"
"8502","8519"
"8502","8520"
"8502","8521"
"8502","8523"
"8524","8525"
"8524","8527"
"8524","8528"
"8524","8530"
"8524","8531"
"8524","8532"
"8533","8535"
"8533","8537"
"8533","8539"
"8533","8541"
"8543","8545"
"8547","8548"
"8547","8549"
"8551","8553"
"8555","8557"
"8555","8559"
"8561","8563"
"8565","8566"
"8565","8567"
"8565","8568"
"8565","8570"
"8565","8571"
"8572","8573"
"8572","8574"
"8572","8575"
"8572","8576"
"8572","8577"
"8578","8580"
"8578","8581"
"8583","8584"
"8585","8587"
"8585","8588"
"8585","8590"
"8585","8592"
"8585","8593"
"8585","8595"
"8585","8597"
"8598","8599"
"8598","8601"
"8598","8603"
"8598","8605"
"8598","8607"
"8598","8608"
"8609","8610"
"8609","8611"
"8612","8614"
"8616","8617"
"8616","8618"
"8616","8620"
"8622","8624"
"8622","8626"
"8628","8629"
"8628","8631"
"8628","8633"
"8635","8637"
"8639","8641"
"8639","8643"
"8639","8645"
"8639","8647"
"8649","8651"
"8649","8653"
"8649","8655"
"8657","8659"
"8657","8661"
"8662","8664"
"8662","8666"
"8662","8668"
"8670","8672"
"8670","8674"
"8670","8676"
"8678","8681"
"8678","8683"
"8678","8685"
"8678","8687"
"8678","8689"
"8678","8691"
"8678","8693"
"8678","8695"
"8697","8698"
"8697","8699"
"8697","8700"
"8697","8701"
"8702","8703"
"8702","8704"
"8702","8705"
"8702","8706"
"8702","8707"
"8702","8708"
"8702","8709"
"8702","8710"
"8702","8711"
"8712","8713"
"8712","8714"
"8712","8715"
"8712","8716"
"8712","8717"
"8712","8718"
"8712","8719"
"8712","8720"
"8712","8721"
"8712","8722"
"8723","8725"
"8723","8727"
"8723","8729"
"8723","8731"
"8733","8735"
"8736","8737"
"8736","8738"
"8739","8740"
"8741","8743"
"8741","8744"
"8741","8745"
"8746","8748"
"8746","8750"
"8746","8752"
"8754","8756"
"8754","8758"
"8754","8760"
"8762","8764"
"8762","8766"
"8762","8767"
"8762","8769"
"8762","8771"
"8762","8772"
"8762","8774"
"8762","8776"
"8778","8780"
"8778","8782"
"8778","8784"
"8778","8785"
"8787","8789"
"8787","8791"
"8787","8793"
"8787","8795"
"8787","8797"
"8787","8799"
"8801","8804"
"8801","8806"
"8801","8808"
"8801","8810"
"8812","8814"
"8816","8817"
"8816","8819"
"8820","8822"
"8820","8824"
"8826","8828"
"8830","8832"
"8830","8834"
"8836","8838"
"8836","8840"
"8836","8843"
"8836","8845"
"8847","8849"
"8847","8851"
"8853","8855"
"8853","8857"
"8859","8861"
"8859","8863"
"8865","8867"
"8865","8869"
"8865","8870"
"8865","8872"
"8865","8874"
"8875","8877"
"8875","8879"
"8881","8883"
"8881","8885"
"8881","8887"
"8881","8889"
"8881","8891"
"8881","8893"
"8881","8895"
"8881","8897"
"8881","8900"
"8881","8901"
"8903","8905"
"8903","8907"
"8909","8910"
"8909","8911"
"8909","8912"
"8909","8913"
"8914","8916"
"8914","8917"
"8914","8919"
"8914","8920"
"8922","8924"
"8926","8928"
"8926","8930"
"8926","8932"
"8934","8935"
"8934","8936"
"8937","8939"
"8937","8940"
"8937","8941"
"8937","8943"
"8944","8946"
"8948","8950"
"8948","8952"
"8948","8954"
"8948","8956"
"8948","8957"
"8948","8959"
"8961","8962"
"8963","8965"
"8967","8969"
"8967","8971"
"8967","8973"
"8975","8977"
"8975","8979"
"8981","8983"
"8981","8985"
"8981","8986"
"8988","8989"
"8990","8992"
"8990","8994"
"8990","8996"
"8998","8999"
"9000","9002"
"9000","9003"
"9005","9007"
"9005","9009"
"9005","9010"
"9005","9011"
"9005","9013"
"9015","9017"
"9015","9019"
"9015","9021"
"9023","9024"
"9023","9025"
"9026","9028"
"9026","9030"
"9026","9031"
"9026","9033"
"9026","9034"
"9026","9035"
"9026","9036"
"9037","9039"
"9037","9041"
"9037","9042"
"9037","9043"
"9037","9044"
"9037","9045"
"9037","9046"
"9037","9047"
"9037","9048"
"9037","9049"
"9050","9052"
"9050","9054"
"9050","9055"
"9050","9056"
"9050","9058"
"9050","9060"
"9061","9062"
"9061","9064"
"9061","9066"
"9061","9068"
"9070","9072"
"9070","9073"
"9075","9077"
"9075","9079"
"9075","9081"
"9075","9083"
"9085","9087"
"9085","9089"
"9085","9091"
"9093","9095"
"9093","9097"
"9093","9099"
"9101","9102"
"9101","9103"
"9104","9106"
"9104","9108"
"9104","9110"
"9104","9112"
"9104","9114"
"9104","9116"
"9104","9118"
"9104","9120"
"9104","9122"
"9104","9124"
"9104","9125"
"9126","9128"
"9126","9130"
"9126","9131"
"9126","9133"
"9126","9135"
"9126","9137"
"9126","9139"
"9126","9141"
"9142","9143"
"9142","9144"
"9142","9145"
"9142","9146"
"9142","9147"
"9142","9148"
"9149","9151"
"9149","9153"
"9149","9155"
"9149","9157"
"9149","9159"
"9149","9161"
"9149","9163"
"9149","9165"
"9167","9169"
"9167","9171"
"9173","9175"
"9173","9177"
"9173","9179"
"9173","9181"
"9183","9185"
"9183","9187"
"9183","9189"
"9191","9192"
"9194","9196"
"9197","9199"
"9197","9201"
"9197","9202"
"9197","9204"
"9206","9208"
"9206","9209"
"9206","9210"
"9206","9212"
"9206","9213"
"9206","9215"
"9217","9218"
"9217","9219"
"9217","9220"
"9217","9221"
"9217","9222"
"9217","9223"
"9224","9225"
"9224","9226"
"9224","9227"
"9224","9228"
"9224","9229"
"9224","9230"
"9231","9233"
"9231","9234"
"9236","9238"
"9236","9239"
"9236","9241"
"9236","9243"
"9245","9247"
"9245","9249"
"9251","9253"
"9251","9255"
"9251","9257"
"9251","9259"
"9251","9261"
"9263","9265"
"9263","9267"
"9263","9268"
"9270","9272"
"9270","9273"
"9270","9275"
"9270","9277"
"9279","9281"
"9279","9283"
"9285","9286"
"9285","9287"
"9285","9288"
"9289","9290"
"9289","9291"
"9289","9292"
"9289","9293"
"9294","9295"
"9294","9296"
"9297","9299"
"9297","9301"
"9297","9303"
"9297","9304"
"9297","9305"
"9307","9309"
"9307","9311"
"9307","9313"
"9307","9315"
"9307","9317"
"9319","9321"
"9319","9323"
"9319","9325"
"9327","9329"
"9331","9333"
"9331","9334"
"9331","9336"
"9331","9338"
"9331","9339"
"9341","9343"
"9341","9345"
"9341","9347"
"9341","9349"
"9341","9350"
"9341","9352"
"9341","9354"
"9356","9358"
"9356","9360"
"9362","9364"
"9366","9368"
"9366","9369"
"9370","9372"
"9370","9373"
"9370","9375"
"9377","9379"
"9380","9382"
"9380","9384"
"9380","9386"
"9380","9388"
"9380","9390"
"9392","9394"
"9392","9396"
"9398","9400"
"9398","9402"
"9398","9403"
"9404","9406"
"9404","9408"
"9404","9410"
"9412","9414"
"9416","9417"
"9416","9418"
"9419","9421"
"9419","9423"
"9419","9425"
"9427","9429"
"9427","9431"
"9427","9433"
"9427","9435"
"9427","9436"
"9427","9438"
"9440","9442"
"9440","9444"
"9440","9446"
"9440","9448"
"9440","9449"
"9451","9453"
"9451","9455"
"9451","9457"
"9458","9460"
"9458","9462"
"9458","9464"
"9465","9467"
"9469","9471"
"9469","9473"
"9475","9477"
"9475","9479"
"9475","9481"
"9475","9483"
"9475","9485"
"9475","9487"
"9475","9489"
"9491","9493"
"9491","9495"
"9491","9497"
"9491","9498"
"9500","9502"
"9500","9503"
"9505","9507"
"9505","9509"
"9505","9511"
"9505","9513"
"9515","9518"
"9515","9520"
"9523","9524"
"9523","9525"
"9523","9526"
"9523","9527"
"9528","9529"
"9531","9533"
"9534","9536"
"9538","9540"
"9538","9541"
"9543","9545"
"9543","9546"
"9543","9547"
"9543","9549"
"9543","9551"
"9543","9552"
"9553","9555"
"9553","9557"
"9553","9559"
"9561","9563"
"9561","9565"
"9567","9568"
"9567","9570"
"9567","9571"
"9567","9573"
"9575","9576"
"9575","9577"
"9575","9578"
"9579","9581"
"9579","9583"
"9579","9585"
"9587","9588"
"9587","9590"
"9587","9592"
"9587","9594"
"9595","9597"
"9595","9599"
"9595","9601"
"9595","9603"
"9595","9605"
"9595","9607"
"9595","9609"
"9595","9611"
"9595","9613"
"9595","9615"
"9595","9617"
"9619","9621"
"9619","9623"
"9619","9625"
"9627","9629"
"9627","9630"
"9627","9632"
"9627","9633"
"9627","9634"
"9635","9637"
"9635","9639"
"9635","9641"
"9635","9643"
"9635","9644"
"9635","9646"
"9635","9647"
"9649","9651"
"9649","9653"
"9655","9657"
"9655","9659"
"9655","9661"
"9655","9662"
"9664","9666"
"9668","9670"
"9668","9672"
"9668","9674"
"9668","9676"
"9668","9677"
"9679","9681"
"9683","9685"
"9687","9689"
"9691","9693"
"9691","9695"
"9691","9696"
"9691","9698"
"9700","9703"
"9700","9705"
"9707","9708"
"9707","9709"
"9707","9710"
"9707","9711"
"9707","9712"
"9707","9713"
"9714","9716"
"9714","9718"
"9720","9722"
"9720","9724"
"9720","9726"
"9720","9728"
"9720","9730"
"9720","9732"
"9734","9736"
"9734","9738"
"9740","9742"
"9744","9746"
"9744","9748"
"9750","9752"
"9750","9754"
"9750","9756"
"9758","9760"
"9758","9762"
"9758","9764"
"9758","9766"
"9768","9769"
"9768","9771"
"9768","9773"
"9768","9775"
"9768","9777"
"9768","9779"
"9781","9783"
"9785","9787"
"9785","9789"
"9785","9790"
"9792","9794"
"9792","9796"
"9798","9800"
"9798","9801"
"9798","9803"
"9798","9805"
"9798","9807"
"9809","9810"
"9809","9811"
"9812","9814"
"9812","9816"
"9812","9818"
"9812","9819"
"9821","9823"
"9821","9824"
"9821","9825"
"9821","9827"
"9821","9828"
"9821","9829"
"9821","9830"
"9821","9831"
"9832","9834"
"9832","9836"
"9832","9838"
"9832","9839"
"9832","9841"
"9843","9844"
"9843","9845"
"9843","9846"
"9843","9847"
"9843","9848"
"9849","9851"
"9849","9853"
"9849","9855"
"9849","9856"
"9849","9858"
"9849","9860"
"9849","9862"
"9849","9864"
"9866","9868"
"9866","9870"
"9866","9872"
"9874","9876"
"9874","9878"
"9880","9882"
"9880","9884"
"9880","9886"
"9880","9888"
"9880","9890"
"9880","9892"
"9894","9895"
"9894","9897"
"9899","9900"
"9899","9901"
"9899","9902"
"9899","9903"
"9899","9904"
"9905","9906"
"9905","9907"
"9905","9908"
"9905","9909"
"9905","9910"
"9911","9913"
"9911","9914"
"9916","9917"
"9916","9918"
"9916","9919"
"9916","9920"
"9916","9921"
"9916","9922"
"9923","9925"
"9923","9927"
"9923","9928"
"9923","9929"
"9931","9933"
"9931","9935"
"9931","9937"
"9931","9939"
"9931","9941"
"9931","9943"
"9931","9945"
"9931","9947"
"9931","9949"
"9931","9951"
"9953","9955"
"9953","9957"
"9953","9959"
"9953","9960"
"9962","9963"
"9962","9965"
"9966","9968"
"9966","9970"
"9966","9972"
"9966","9974"
"9966","9975"
"9966","9977"
"9978","9980"
"9978","9982"
"9978","9984"
"9978","9986"
"9978","9988"
"9990","9992"
"9990","9994"
"9990","9995"
"9997","9999"
"9997","10001"
"9997","10003"
"9997","10005"
"10007","10009"
"10007","10011"
"10007","10013"
"10015","10017"
"10015","10019"
"10021","10023"
"10021","10025"
"10021","10027"
"10021","10029"
"10021","10031"
"10021","10033"
"10034","10036"
"10034","10038"
"10040","10041"
"10040","10042"
"10040","10043"
"10040","10044"
"10040","10045"
"10040","10046"
"10040","10047"
"10048","10049"
"10048","10050"
"10048","10051"
"10048","10052"
"10048","10053"
"10054","10055"
"10054","10056"
"10054","10057"
"10054","10058"
"10054","10059"
"10060","10062"
"10060","10063"
"10065","10067"
"10065","10069"
"10065","10070"
"10065","10071"
"10065","10072"
"10065","10074"
"10065","10076"
"10078","10079"
"10078","10080"
"10078","10081"
"10082","10083"
"10082","10084"
"10082","10085"
"10082","10086"
"10082","10087"
"10082","10088"
"10082","10089"
"10082","10090"
"10082","10091"
"10092","10093"
"10092","10094"
"10092","10095"
"10092","10096"
"10097","10098"
"10097","10099"
"10097","10100"
"10097","10101"
"10102","10104"
"10102","10105"
"10102","10106"
"10102","10107"
"10102","10109"
"10102","10111"
"10102","10113"
"10102","10115"
"10117","10119"
"10117","10121"
"10117","10123"
"10117","10125"
"10117","10126"
"10117","10128"
"10130","10131"
"10130","10132"
"10130","10133"
"10130","10134"
"10135","10137"
"10135","10139"
"10141","10142"
"10141","10143"
"10141","10144"
"10141","10145"
"10146","10147"
"10146","10148"
"10149","10151"
"10149","10153"
"10149","10155"
"10149","10157"
"10149","10159"
"10161","10163"
"10161","10164"
"10161","10166"
"10161","10167"
"10161","10169"
"10161","10170"
"10161","10171"
"10161","10172"
"10161","10173"
"10161","10175"
"10177","10178"
"10177","10179"
"10177","10180"
"10177","10181"
"10177","10182"
"10177","10183"
"10177","10184"
"10177","10185"
"10177","10186"
"10177","10187"
"10177","10188"
"10177","10189"
"10177","10190"
"10177","10191"
"10177","10192"
"10177","10193"
"10194","10196"
"10194","10197"
"10194","10199"
"10194","10200"
"10194","10202"
"10194","10204"
"10194","10205"
"10194","10206"
"10194","10207"
"10194","10208"
"10194","10209"
"10194","10210"
"10194","10211"
"10212","10214"
"10212","10216"
"10212","10217"
"10212","10220"
"10223","10224"
"10223","10225"
"10223","10226"
"10223","10227"
"10223","10228"
"10223","10229"
"10223","10230"
"10223","10231"
"10223","10232"
"10223","10233"
"10223","10234"
"10235","10236"
"10235","10237"
"10235","10238"
"10235","10239"
"10235","10240"
"10235","10241"
"10242","10243"
"10242","10244"
"10242","10245"
"10242","10246"
"10242","10247"
"10242","10248"
"10249","10250"
"10249","10251"
"10252","10254"
"10252","10256"
"10258","10260"
"10262","10265"
"10262","10267"
"10262","10269"
"10262","10271"
"10262","10273"
"10262","10275"
"10262","10277"
"10262","10279"
"10262","10281"
"10283","10285"
"10283","10287"
"10283","10289"
"10283","10291"
"10283","10293"
"10283","10295"
"10297","10299"
"10300","10302"
"10300","10304"
"10307","10309"
"10307","10311"
"10313","10316"
"10313","10318"
"10313","10320"
"10313","10322"
"10313","10324"
"10313","10325"
"10327","10329"
"10327","10331"
"10327","10333"
"10327","10335"
"10337","10339"
"10337","10341"
"10337","10343"
"10337","10345"
"10337","10347"
"10337","10349"
"10337","10351"
"10337","10353"
"10337","10355"
"10337","10356"
"10337","10358"
"10337","10360"
"10337","10362"
"10364","10366"
"10364","10368"
"10364","10370"
"10364","10372"
"10364","10374"
"10364","10376"
"10364","10378"
"10364","10380"
"10382","10384"
"10382","10386"
"10382","10388"
"10382","10390"
"10382","10391"
"10382","10392"
"10394","10396"
"10394","10398"
"10394","10400"
"10394","10402"
"10394","10404"
"10394","10405"
"10394","10406"
"10394","10407"
"10394","10409"
"10410","10411"
"10410","10412"
"10413","10415"
"10413","10417"
"10413","10419"
"10413","10421"
"10413","10423"
"10425","10427"
"10425","10429"
"10425","10431"
"10432","10434"
"10432","10436"
"10432","10438"
"10432","10440"
"10441","10443"
"10441","10445"
"10441","10447"
"10449","10451"
"10449","10453"
"10449","10455"
"10457","10459"
"10457","10460"
"10457","10461"
"10457","10462"
"10457","10463"
"10464","10466"
"10464","10468"
"10464","10470"
"10464","10472"
"10474","10476"
"10474","10478"
"10474","10480"
"10474","10482"
"10474","10484"
"10474","10486"
"10474","10488"
"10474","10489"
"10474","10490"
"10474","10492"
"10494","10496"
"10498","10500"
"10498","10502"
"10504","10506"
"10504","10508"
"10504","10510"
"10504","10512"
"10504","10514"
"10504","10516"
"10504","10518"
"10504","10520"
"10522","10523"
"10522","10524"
"10522","10525"
"10522","10526"
"10527","10529"
"10527","10531"
"10527","10533"
"10527","10535"
"10537","10539"
"10537","10541"
"10537","10543"
"10545","10547"
"10545","10549"
"10545","10551"
"10545","10553"
"10545","10555"
"10557","10559"
"10557","10561"
"10557","10563"
"10557","10565"
"10557","10567"
"10557","10569"
"10571","10572"
"10573","10575"
"10573","10577"
"10579","10581"
"10583","10585"
"10583","10586"
"10583","10588"
"10589","10591"
"10589","10593"
"10589","10595"
"10589","10596"
"10589","10597"
"10589","10599"
"10601","10602"
"10603","10605"
"10603","10607"
"10603","10609"
"10611","10613"
"10615","10617"
"10619","10620"
"10619","10621"
"10622","10623"
"10624","10626"
"10624","10628"
"10624","10630"
"10624","10632"
"10624","10634"
"10624","10636"
"10624","10638"
"10640","10642"
"10640","10643"
"10640","10644"
"10640","10645"
"10640","10646"
"10640","10647"
"10640","10648"
"10640","10649"
"10650","10651"
"10650","10652"
"10650","10653"
"10654","10655"
"10654","10656"
"10654","10657"
"10658","10659"
"10658","10660"
"10658","10661"
"10662","10664"
"10662","10666"
"10662","10668"
"10662","10670"
"10662","10672"
"10674","10675"
"10674","10677"
"10679","10681"
"10679","10683"
"10679","10685"
"10679","10687"
"10679","10689"
"10679","10691"
"10693","10695"
"10693","10697"
"10693","10699"
"10693","10701"
"10693","10703"
"10705","10706"
"10705","10707"
"10705","10708"
"10709","10710"
"10711","10714"
"10711","10715"
"10716","10718"
"10716","10720"
"10716","10721"
"10722","10723"
"10722","10724"
"10722","10725"
"10722","10726"
"10727","10729"
"10727","10731"
"10727","10733"
"10727","10736"
"10727","10738"
"10740","10742"
"10740","10744"
"10740","10746"
"10740","10748"
"10740","10749"
"10751","10753"
"10751","10755"
"10757","10759"
"10757","10760"
"10757","10763"
"10757","10765"
"10757","10767"
"10757","10769"
"10757","10771"
"10774","10775"
"10776","10777"
"10776","10778"
"10776","10780"
"10776","10782"
"10776","10783"
"10776","10785"
"10776","10786"
"10776","10787"
"10776","10788"
"10789","10790"
"10789","10791"
"10792","10793"
"10792","10794"
"10792","10795"
"10796","10797"
"10796","10798"
"10799","10800"
"10799","10802"
"10799","10803"
"10799","10804"
"10805","10806"
"10807","10808"
"10807","10809"
"10810","10811"
"10810","10813"
"10810","10814"
"10810","10815"
"10810","10817"
"10810","10819"
"10810","10821"
"10810","10823"
"10810","10825"
"10810","10827"
"10810","10829"
"10810","10831"
"10810","10832"
"10834","10836"
"10837","10839"
"10837","10841"
"10837","10843"
"10837","10845"
"10837","10847"
"10837","10849"
"10837","10850"
"10837","10851"
"10837","10852"
"10837","10854"
"10837","10856"
"10837","10858"
"10860","10861"
"10860","10862"
"10860","10864"
"10860","10865"
"10866","10867"
"10866","10869"
"10866","10870"
"10871","10872"
"10871","10873"
"10871","10874"
"10871","10875"
"10876","10879"
"10876","10881"
"10876","10883"
"10876","10884"
"10876","10886"
"10876","10888"
"10876","10889"
"10876","10890"
"10876","10891"
"10876","10892"
"10876","10893"
"10895","10897"
"10895","10898"
"10899","10900"
"10899","10901"
"10902","10903"
"10902","10905"
"10902","10907"
"10902","10909"
"10911","10913"
"10911","10915"
"10917","10919"
"10917","10920"
"10921","10923"
"10921","10925"
"10927","10929"
"10927","10931"
"10927","10933"
"10934","10935"
"10934","10936"
"10937","10938"
"10939","10940"
"10939","10941"
"10942","10943"
"10942","10944"
"10945","10946"
"10947","10948"
"10949","10950"
"10949","10951"
"10949","10952"
"10953","10954"
"10953","10955"
"10956","10958"
"10956","10960"
"10956","10962"
"10964","10965"
"10964","10966"
"10964","10967"
"10964","10968"
"10969","10970"
"10969","10972"
"10974","10976"
"10978","10980"
"10981","10982"
"10983","10984"
"10985","10987"
"10985","10989"
"10985","10991"
"10993","10994"
"10995","10996"
"10995","10997"
"10995","10998"
"10995","10999"
"10995","11000"
"11001","11003"
"11001","11005"
"11007","11009"
"11007","11011"
"11007","11013"
"11007","11015"
"11017","11019"
"11017","11022"
"11017","11024"
"11017","11026"
"11017","11028"
"11017","11030"
"11017","11031"
"11017","11033"
"11017","11035"
"11017","11037"
"11017","11039"
"11017","11041"
"11017","11043"
"11046","11048"
"11046","11050"
"11046","11051"
"11046","11053"
"11046","11054"
"11046","11056"
"11046","11058"
"11046","11060"
"11046","11062"
"11064","11065"
"11067","11068"
"11067","11070"
"11067","11072"
"11073","11074"
"11073","11075"
"11073","11076"
"11073","11077"
"11073","11078"
"11073","11079"
"11080","11081"
"11080","11082"
"11080","11083"
"11084","11085"
"11084","11087"
"11084","11089"
"11084","11091"
"11084","11093"
"11084","11095"
"11084","11096"
"11097","11098"
"11097","11099"
"11100","11102"
"11100","11104"
"11100","11106"
"11108","11110"
"11108","11112"
"11108","11113"
"11114","11116"
"11114","11118"
"11114","11120"
"11114","11121"
"11122","11124"
"11122","11126"
"11122","11127"
"11122","11128"
"11122","11130"
"11122","11131"
"11132","11134"
"11132","11135"
"11132","11137"
"11139","11141"
"11143","11145"
"11143","11146"
"11143","11147"
"11143","11148"
"11149","11151"
"11149","11153"
"11149","11155"
"11149","11157"
"11159","11161"
"11159","11163"
"11159","11165"
"11159","11167"
"11159","11169"
"11159","11170"
"11171","11173"
"11171","11175"
"11171","11177"
"11171","11179"
"11171","11181"
"11183","11185"
"11183","11187"
"11183","11189"
"11191","11193"
"11195","11197"
"11195","11198"
"11195","11199"
"11195","11201"
"11195","11203"
"11195","11205"
"11207","11209"
"11207","11211"
"11213","11216"
"11213","11217"
"11213","11218"
"11213","11220"
"11213","11222"
"11224","11226"
"11224","11228"
"11224","11230"
"11224","11232"
"11224","11233"
"11234","11236"
"11238","11240"
"11242","11244"
"11242","11246"
"11242","11248"
"11242","11250"
"11242","11252"
"11242","11254"
"11242","11256"
"11242","11258"
"11242","11260"
"11261","11263"
"11261","11265"
"11267","11269"
"11267","11271"
"11273","11275"
"11273","11277"
"11279","11281"
"11279","11283"
"11285","11287"
"11289","11290"
"11292","11293"
"11292","11295"
"11292","11297"
"11292","11298"
"11299","11301"
"11299","11303"
"11304","11306"
"11308","11310"
"11308","11312"
"11308","11314"
"11308","11316"
"11308","11318"
"11320","11322"
"11320","11324"
"11320","11326"
"11328","11330"
"11328","11332"
"11328","11334"
"11328","11336"
"11338","11340"
"11341","11343"
"11341","11345"
"11341","11347"
"11341","11349"
"11341","11351"
"11341","11353"
"11341","11355"
"11341","11357"
"11341","11359"
"11341","11360"
"11341","11362"
"11341","11364"
"11366","11368"
"11366","11370"
"11366","11372"
"11366","11374"
"11366","11376"
"11366","11378"
"11366","11380"
"11366","11382"
"11366","11384"
"11366","11385"
"11387","11389"
"11391","11393"
"11391","11395"
"11391","11397"
"11391","11399"
"11391","11401"
"11403","11405"
"11403","11407"
"11403","11409"
"11403","11411"
"11403","11413"
"11403","11415"
"11403","11417"
"11403","11419"
"11421","11423"
"11421","11425"
"11421","11427"
"11429","11431"
"11429","11433"
"11429","11435"
"11429","11437"
"11429","11439"
"11429","11441"
"11429","11443"
"11429","11445"
"11429","11447"
"11429","11449"
"11451","11453"
"11455","11456"
"11455","11457"
"11455","11458"
"11455","11459"
"11455","11460"
"11455","11461"
"11455","11462"
"11463","11464"
"11465","11467"
"11469","11471"
"11469","11473"
"11469","11475"
"11469","11477"
"11469","11478"
"11469","11479"
"11469","11480"
"11469","11481"
"11469","11482"
"11483","11485"
"11483","11487"
"11483","11489"
"11491","11493"
"11491","11495"
"11491","11497"
"11491","11498"
"11491","11499"
"11500","11503"
"11500","11505"
"11507","11509"
"11507","11511"
"11507","11513"
"11507","11515"
"11520","11522"
"11524","11527"
"11528","11529"
"11528","11530"
"11532","11534"
"11536","11538"
"11536","11540"
"11542","11544"
"11542","11546"
"11542","11548"
"11542","11550"
"11542","11552"
"11542","11554"
"11542","11556"
"11542","11558"
"11559","11560"
"11559","11562"
"11564","11566"
"11564","11568"
"11564","11570"
"11564","11572"
"11574","11576"
"11574","11578"
"11580","11582"
"11580","11584"
"11580","11586"
"11588","11590"
"11588","11592"
"11594","11596"
"11594","11598"
"11594","11600"
"11594","11602"
"11594","11604"
"11606","11608"
"11606","11610"
"11612","11614"
"11612","11616"
"11612","11618"
"11612","11620"
"11622","11624"
"11622","11626"
"11622","11628"
"11622","11629"
"11630","11632"
"11630","11634"
"11630","11636"
"11630","11638"
"11630","11640"
"11642","11644"
"11642","11646"
"11642","11648"
"11642","11650"
"11651","11653"
"11655","11657"
"11659","11661"
"11659","11663"
"11659","11664"
"11659","11666"
"11659","11668"
"11659","11669"
"11671","11673"
"11675","11677"
"11675","11678"
"11675","11680"
"11675","11682"
"11684","11686"
"11684","11688"
"11684","11690"
"11684","11692"
"11694","11696"
"11698","11699"
"11698","11700"
"11698","11701"
"11698","11702"
"11698","11703"
"11698","11704"
"11698","11705"
"11698","11706"
"11698","11707"
"11708","11710"
"11708","11712"
"11714","11715"
"11716","11717"
"11716","11718"
"11716","11719"
"11716","11720"
"11716","11721"
"11722","11724"
"11726","11728"
"11729","11731"
"11729","11733"
"11734","11736"
"11734","11738"
"11734","11740"
"11742","11744"
"11742","11746"
"11748","11750"
"11748","11752"
"11748","11754"
"11756","11758"
"11756","11760"
"11756","11761"
"11756","11763"
"11756","11765"
"11756","11767"
"11756","11769"
"11756","11771"
"11756","11773"
"11756","11775"
"11756","11777"
"11756","11779"
"11756","11781"
"11756","11783"
"11756","11785"
"11756","11787"
"11756","11789"
"11791","11793"
"11791","11795"
"11797","11799"
"11797","11801"
"11797","11803"
"11797","11805"
"11797","11807"
"11797","11809"
"11797","11811"
"11797","11813"
"11815","11817"
"11815","11819"
"11815","11821"
"11823","11825"
"11823","11827"
"11823","11829"
"11823","11831"
"11823","11833"
"11835","11836"
"11835","11837"
"11838","11840"
"11838","11842"
"11838","11844"
"11846","11848"
"11846","11850"
"11846","11852"
"11846","11854"
"11856","11858"
"11856","11860"
"11856","11862"
"11864","11866"
"11864","11868"
"11870","11872"
"11870","11874"
"11870","11876"
"11870","11878"
"11880","11882"
"11880","11884"
"11880","11886"
"11880","11888"
"11880","11890"
"11880","11892"
"11880","11894"
"11896","11898"
"11896","11899"
"11896","11900"
"11902","11904"
"11902","11905"
"11902","11906"
"11902","11907"
"11902","11908"
"11902","11909"
"11902","11910"
"11911","11913"
"11911","11915"
"11911","11916"
"11911","11917"
"11911","11918"
"11911","11919"
"11911","11920"
"11911","11921"
"11922","11924"
"11922","11926"
"11922","11928"
"11922","11930"
"11932","11934"
"11932","11936"
"11932","11937"
"11932","11938"
"11940","11942"
"11940","11944"
"11940","11946"
"11940","11947"
"11940","11949"
"11940","11951"
"11940","11953"
"11940","11955"
"11940","11957"
"11959","11961"
"11959","11963"
"11959","11965"
"11959","11967"
"11959","11969"
"11971","11972"
"11971","11973"
"11974","11975"
"11976","11978"
"11980","11982"
"11980","11984"
"11986","11988"
"11986","11990"
"11992","11994"
"11992","11996"
"11992","11998"
"12000","12002"
"12004","12006"
"12004","12007"
"12004","12009"
"12004","12011"
"12004","12013"
"12015","12017"
"12015","12019"
"12021","12023"
"12021","12025"
"12021","12027"
"12028","12030"
"12028","12032"
"12028","12033"
"12028","12035"
"12028","12037"
"12039","12041"
"12039","12042"
"12039","12043"
"12039","12045"
"12039","12047"
"12039","12048"
"12050","12052"
"12050","12054"
"12050","12056"
"12050","12058"
"12050","12060"
"12050","12061"
"12050","12062"
"12050","12063"
"12050","12065"
"12066","12068"
"12066","12070"
"12066","12071"
"12066","12073"
"12066","12075"
"12066","12076"
"12066","12078"
"12066","12079"
"12081","12082"
"12081","12083"
"12084","12086"
"12084","12087"
"12084","12089"
"12084","12090"
"12091","12093"
"12095","12097"
"12098","12099"
"12100","12102"
"12100","12104"
"12100","12106"
"12100","12108"
"12100","12110"
"12112","12114"
"12112","12116"
"12112","12118"
"12120","12122"
"12124","12126"
"12124","12129"
"12130","12132"
"12130","12134"
"12130","12136"
"12138","12140"
"12138","12142"
"12138","12143"
"12138","12145"
"12138","12147"
"12138","12148"
"12138","12149"
"12151","12153"
"12151","12155"
"12151","12157"
"12151","12159"
"12151","12161"
"12151","12163"
"12151","12165"
"12151","12167"
"12151","12168"
"12169","12170"
"12171","12173"
"12171","12175"
"12171","12177"
"12178","12180"
"12178","12181"
"12178","12183"
"12178","12185"
"12178","12187"
"12189","12191"
"12193","12195"
"12193","12197"
"12193","12199"
"12193","12201"
"12193","12203"
"12193","12205"
"12193","12207"
"12193","12209"
"12211","12213"
"12211","12215"
"12217","12219"
"12217","12221"
"12217","12223"
"12217","12225"
"12217","12227"
"12217","12228"
"12217","12230"
"12231","12233"
"12231","12235"
"12231","12237"
"12239","12241"
"12239","12243"
"12239","12245"
"12239","12247"
"12239","12249"
"12251","12253"
"12251","12255"
"12251","12257"
"12251","12259"
"12251","12261"
"12263","12265"
"12263","12267"
"12269","12271"
"12269","12273"
"12269","12275"
"12269","12277"
"12269","12279"
"12269","12281"
"12269","12283"
"12285","12287"
"12288","12290"
"12288","12292"
"12288","12294"
"12288","12296"
"12298","12300"
"12298","12301"
"12298","12303"
"12305","12307"
"12305","12309"
"12305","12311"
"12305","12313"
"12305","12314"
"12316","12317"
"12316","12319"
"12320","12321"
"12320","12322"
"12323","12325"
"12323","12327"
"12323","12329"
"12323","12331"
"12333","12335"
"12333","12337"
"12339","12341"
"12343","12345"
"12343","12347"
"12343","12349"
"12351","12353"
"12351","12355"
"12356","12358"
"12356","12360"
"12361","12363"
"12361","12364"
"12361","12365"
"12361","12367"
"12361","12369"
"12370","12372"
"12370","12374"
"12370","12376"
"12370","12378"
"12370","12380"
"12370","12382"
"12370","12384"
"12370","12386"
"12370","12388"
"12370","12390"
"12370","12392"
"12370","12394"
"12370","12396"
"12398","12400"
"12398","12402"
"12398","12404"
"12398","12406"
"12398","12408"
"12410","12412"
"12410","12413"
"12410","12415"
"12410","12417"
"12410","12419"
"12410","12421"
"12423","12425"
"12423","12426"
"12423","12428"
"12423","12430"
"12423","12432"
"12434","12436"
"12434","12438"
"12434","12440"
"12434","12442"
"12444","12446"
"12444","12447"
"12444","12449"
"12444","12451"
"12444","12453"
"12454","12455"
"12454","12456"
"12454","12457"
"12458","12460"
"12461","12462"
"12461","12463"
"12464","12466"
"12464","12468"
"12470","12472"
"12470","12474"
"12470","12475"
"12477","12479"
"12477","12481"
"12483","12485"
"12483","12487"
"12489","12491"
"12489","12492"
"12489","12494"
"12489","12496"
"12489","12498"
"12499","12500"
"12499","12502"
"12503","12504"
"12503","12505"
"12506","12508"
"12506","12510"
"12506","12512"
"12514","12516"
"12514","12518"
"12514","12520"
"12514","12522"
"12514","12524"
"12514","12526"
"12514","12527"
"12529","12531"
"12529","12533"
"12535","12537"
"12535","12539"
"12535","12540"
"12542","12544"
"12542","12545"
"12542","12547"
"12542","12549"
"12542","12551"
"12542","12553"
"12542","12554"
"12542","12556"
"12558","12560"
"12558","12562"
"12558","12564"
"12558","12566"
"12568","12570"
"12568","12571"
"12568","12573"
"12574","12576"
"12574","12578"
"12580","12582"
"12584","12586"
"12584","12588"
"12590","12592"
"12590","12594"
"12590","12596"
"12590","12598"
"12590","12600"
"12590","12602"
"12603","12605"
"12603","12607"
"12603","12609"
"12610","12612"
"12610","12614"
"12610","12616"
"12610","12618"
"12610","12620"
"12610","12622"
"12623","12625"
"12623","12627"
"12629","12631"
"12629","12633"
"12635","12636"
"12635","12637"
"12635","12638"
"12639","12640"
"12641","12642"
"12644","12646"
"12648","12650"
"12648","12652"
"12648","12654"
"12656","12658"
"12656","12660"
"12662","12663"
"12662","12664"
"12662","12665"
"12662","12667"
"12662","12669"
"12662","12671"
"12662","12672"
"12673","12675"
"12673","12676"
"12673","12678"
